Cycle,00:59:38,01:09:39,01:19:39,01:29:39,01:39:39,01:49:39,01:59:39,02:09:39,02:19:40,02:29:40,02:39:40,02:49:40,02:59:40,03:09:40,03:19:40,03:29:40,03:39:40,03:49:40,03:59:40,04:09:40,04:19:40,04:29:40,04:39:41,04:49:41,04:59:41,05:09:41,05:19:41,05:29:41,05:39:41,05:49:41,05:59:41,06:09:41,06:19:41,06:29:41,06:39:41,06:49:41,06:59:42,07:09:42,07:19:42,07:29:42,07:39:42,07:49:42,07:59:42,08:09:42,08:19:42,08:29:42,08:39:42,08:49:43,08:59:43,09:09:43,09:19:43,09:29:43,09:39:43,09:49:43,09:59:43,10:09:43,10:19:43,10:29:43,10:39:43,10:49:43,10:59:43,11:09:44,11:19:44,11:29:44,11:39:44,11:49:44,11:59:44,12:09:44,12:19:44,12:29:44,12:39:44,12:49:44,12:59:44,13:09:44,13:19:44,13:29:44,13:39:45,13:49:45,13:59:45,14:09:45,14:19:45,14:29:45,14:39:45,14:49:45,14:59:45,15:09:45,15:19:45,15:29:45,15:39:45,15:49:45,15:59:46,16:09:46,16:19:46,16:29:46,16:39:46,16:49:46,16:59:46,17:09:46,17:19:46,17:29:46,17:39:46,17:49:46,17:59:46,18:09:46,18:19:47,18:29:47,18:39:47,18:49:47,18:59:47,19:09:47,19:19:47,19:29:47,19:39:47,19:49:47,19:59:47,20:09:47,20:19:47,20:29:47,20:39:48,20:49:48,20:59:48,21:09:48,21:11:24,21:21:24,21:31:24,21:41:24,21:51:24,22:01:25,22:11:29,22:21:29,22:31:29,22:41:29,22:51:29,23:01:29,23:11:29,23:21:29,23:31:29,23:41:30,23:51:30,00:01:30,00:11:30,00:21:30,00:31:30,00:41:30,00:51:30,01:01:30,01:11:30,01:21:30,01:31:30,01:41:30,01:51:31,02:01:31,02:11:31,02:21:31,02:31:31,02:41:31,02:51:31,03:01:31,03:11:31,03:21:31,03:31:31,03:41:31,03:51:31,04:01:31,04:11:32,04:21:32,04:31:32,04:41:36,04:51:36,05:01:37,05:11:37,05:21:37,05:31:37,05:41:37,05:51:37,06:01:37,06:11:37,06:21:37,06:31:37,06:41:37,06:51:37,07:01:37,07:11:37,07:21:38,07:31:38,07:41:38,07:51:38,08:01:38,08:11:38,08:21:38,08:31:38,08:41:38,08:51:38,09:01:38,09:11:38,09:21:39,09:31:39,09:41:39,09:51:39,10:01:39,10:11:39,10:21:39,10:31:39,10:41:39,10:51:39,11:01:39,11:11:39,11:21:40,11:31:40,11:41:40,11:51:40,12:01:40,12:11:40,12:21:40,12:31:40,12:41:40,12:51:40,13:01:40,13:11:40,13:21:40,13:31:41,13:41:41,13:51:41,14:01:41,14:11:41,14:21:41,14:31:41,14:41:41,14:51:41,15:01:41,15:11:41,15:21:41,15:31:41,15:41:42,15:51:42,16:01:42,16:11:42,16:21:42,16:31:42,16:41:42,16:51:42,17:01:42,17:11:43,17:21:43,17:31:43,17:41:43,17:51:43,18:01:43,18:11:43,18:21:43,18:31:44,18:41:44,18:51:44,19:01:44,19:11:44,19:21:44,19:31:44,19:41:44,19:51:44,20:01:44,20:11:44,20:21:44,20:31:45,20:41:45,20:51:45,21:01:45,21:11:24,21:21:24,21:31:24,21:41:25,21:51:25,22:01:25,22:11:25,22:21:25,22:31:25,22:41:25,22:51:25,23:01:25,23:11:25,23:21:25,23:31:25,23:41:25,23:51:26,00:01:26,00:11:27,00:21:27,00:31:32,00:41:32,00:51:32,00:59:42
Virtual memory statistics,0.0,90014081.0,328517468.0,341454806.0,354331059.0,364921776.0,370185065.0,374345484.0,378325954.0,506143425.0,509847273.0,513614543.0,517210699.0,520990119.0,524753014.0,528258390.0,531888270.0,535667831.0,539280211.0,543084501.0,546790340.0,550333528.0,553946353.0,557824362.0,561515076.0,565355610.0,569024538.0,572600697.0,576238771.0,579997940.0,583696776.0,587439234.0,591108772.0,594697074.0,598195320.0,601811241.0,607089518.0,612489257.0,617911942.0,622194060.0,627194632.0,632913885.0,637335121.0,641485304.0,646156217.0,650208662.0,654293056.0,658228804.0,662176525.0,667684624.0,672340061.0,676142943.0,679998575.0,684098366.0,687986013.0,691931629.0,696753036.0,700464836.0,792453818.0,796430247.0,800223388.0,804232122.0,809225817.0,812949659.0,816628724.0,820523241.0,824226546.0,828149331.0,831892429.0,835595937.0,839451557.0,843333962.0,847117386.0,851058778.0,855646596.0,859206421.0,862639630.0,866403612.0,870008667.0,873795760.0,878413864.0,881949390.0,885513138.0,889190626.0,892746712.0,899136942.0,902929011.0,906575424.0,910352717.0,927297473.0,945330658.0,967073728.0,995641626.0,1024104156.0,1051550019.0,1067736320.0,1071443241.0,1075525187.0,1079444342.0,1083258256.0,1087104613.0,1091076662.0,1094804250.0,1098774573.0,1102606053.0,1106372517.0,1110114764.0,1114131693.0,1118158044.0,1122178596.0,1126917818.0,1130689513.0,1134474362.0,1138581814.0,1142403855.0,1149929176.0,1153909869.0,1157711274.0,1161451256.0,1179317265.0,1208067704.0,1235382772.0,2258601054.0,2287603361.0,2316510088.0,1306320346.0,1320695568.0,2374015414.0,1330581612.0,1335290814.0,1338842474.0,1342679655.0,1365596775.0,1389456706.0,1410586892.0,1432415500.0,1451872460.0,1471397920.0,1486539087.0,1552423617.0,1556138804.0,1560150577.0,1563719150.0,1567461841.0,1571511421.0,1575267454.0,1579123399.0,1583025288.0,1586783419.0,1593041679.0,1597044721.0,1600980901.0,1605040748.0,1609900311.0,1613713505.0,1617587546.0,1621616578.0,1625307028.0,1629211064.0,1633910552.0,1637408352.0,1641318902.0,1645277964.0,1649119754.0,1653147637.0,1657135206.0,1660856560.0,1664836697.0,1668992128.0,1672915366.0,1676786977.0,1681482764.0,1685046379.0,1688875390.0,1692781962.0,1696525593.0,1700242167.0,1704878067.0,1708379290.0,1712130890.0,1716063361.0,1720964121.0,1724820961.0,1729511926.0,1732990802.0,1736982646.0,1741003116.0,1744987889.0,1748910342.0,1753797087.0,1757486060.0,1761353101.0,1765211147.0,1770537201.0,1774441591.0,1779373722.0,1783081969.0,1786833570.0,1790654238.0,1794318956.0,1798331025.0,1803210433.0,1807004428.0,1811032864.0,1836503186.0,1840383074.0,1844405632.0,1849362469.0,1853180816.0,1857080511.0,1861059810.0,1865009112.0,1869041126.0,1872856834.0,1876470899.0,1880295532.0,1884346994.0,1888185980.0,1892164198.0,1895955028.0,1899712042.0,1903617548.0,1907754246.0,1911793624.0,1915793251.0,1919716274.0,1923311714.0,1927087746.0,1931122038.0,1936795111.0,1941358537.0,1946155814.0,1951948843.0,1955675690.0,1967445276.0,1982052622.0,1987605366.0,1994891412.0,1998551125.0,2029367270.0,2033320783.0,2037463939.0,2041345641.0,2048106890.0,2051712785.0,2055432072.0,2059327386.0,2063467169.0,2067381583.0,2072322740.0,2076089738.0,2079911595.0,2098706512.0,2120440535.0,2128666520.0,2137060814.0,2145030698.0,2153789700.0,2162679907.0,2168491182.0,2172903726.0,2177806061.0,2181625097.0,2185688705.0,2201997955.0,2230869536.0,2258601054.0,2287603361.0,2316510088.0,2345598733.0,2369754924.0,2374015414.0,2378044084.0,2382033423.0,2385754028.0,2389600502.0,2393782534.0,2397535633.0,2401638286.0,2405550138.0,2409222155.0,2413003045.0,2450403790.0,2452580429.0,2455007612.0,2457579499.0,2459751394.0,2462233193.0,2464673521.0,2504785120.0
QPI Link Layer for SNB (HSW) (per socket),0.0,9007900157.0,16526405478.0,24346112295.0,30576013209.0,36850786177.0,43274408355.0,48867542811.0,54943141017.0,61079773147.0,69435281486.0,77968712050.0,85383005899.0,91428625402.0,100149185411.0,106206706230.0,113606415942.0,120307736659.0,126650551411.0,133697721517.0,142320263940.0,150052882267.0,156507021591.0,163020126467.0,171592533192.0,178338093427.0,184208039952.0,190393607369.0,196736417471.0,203329398648.0,209143026148.0,215397427483.0,222703050909.0,229391340011.0,238714336040.0,246591432935.0,252839428549.0,259683885524.0,265710099218.0,274733227528.0,282612329165.0,290993471819.0,296798413390.0,303788813344.0,310389340285.0,317378573764.0,324465872545.0,331282667524.0,340388886934.0,348555878880.0,355116914535.0,362143653894.0,370380527577.0,376786712661.0,383147845395.0,389432017523.0,396077937981.0,403263843778.0,409435064064.0,415379077796.0,421914639946.0,427691260076.0,434481515446.0,440770475063.0,447024110833.0,452692411131.0,459755943545.0,466568246443.0,472571245196.0,480426174382.0,488977532501.0,496270376771.0,502019712798.0,508448886950.0,514977490963.0,521765141890.0,527760765070.0,534255178526.0,540743570274.0,547410321398.0,553598191673.0,559973617028.0,566097925241.0,572880231713.0,578855611958.0,585892465353.0,592388798940.0,598853065096.0,604559426439.0,611312314138.0,617714961472.0,624057327609.0,630155551868.0,636729505342.0,643751215929.0,649274798005.0,656380236452.0,663706639870.0,670895798031.0,677250443552.0,684182531811.0,691650189702.0,699363358222.0,705928222757.0,713775607480.0,723124077701.0,733213092743.0,739421513122.0,747220819293.0,754712645143.0,762394979596.0,770849464194.0,781718290735.0,788588012899.0,795192946631.0,802138255509.0,810002623211.0,817952152553.0,824896651608.0,832350901206.0,840219671782.0,847556862468.0,1688849860276387.0,1688856125146764.0,1688862623480075.0,844446913765253.0,844455265206479.0,1688881830186124.0,844468434140668.0,844474776464907.0,844481377396514.0,844487918123229.0,844494858933370.0,844501562585929.0,844508092220061.0,844514076498210.0,844521027009447.0,844527835204156.0,844534163100916.0,844540245073603.0,844547014999910.0,844554325230872.0,844562696833732.0,844568281977985.0,844577639038166.0,844589906045323.0,844599328374574.0,844606643237065.0,844616382215234.0,844625743017721.0,844632843798536.0,844640578942819.0,844649474686096.0,844657896398187.0,844664717117969.0,844673337460978.0,844681687970150.0,844690808539222.0,844696865188046.0,844704251402946.0,844712135316589.0,844721246406563.0,844728625299078.0,844735683437282.0,844743819058501.0,844750490475542.0,844758636777194.0,844766456715874.0,844773803915097.0,844780275322047.0,844788778602216.0,844795745848052.0,844802886563204.0,844810178830168.0,844819399756599.0,844827052842542.0,844834258582590.0,844841545108766.0,844849369366299.0,844857769978866.0,844866037994280.0,844873896332632.0,844882149623805.0,844889114220034.0,844896063247123.0,844904926820765.0,844911954621858.0,844919131618603.0,844925884289109.0,844931474869006.0,844938087060601.0,844945333578037.0,844951872379748.0,844957931688071.0,844964986071116.0,844971941844624.0,844979316140842.0,844986327239849.0,844991975625153.0,844998752424175.0,845006322428314.0,845013459872133.0,845021218994266.0,845028327552424.0,845036376634856.0,845044205742225.0,845052199547975.0,845058548665852.0,845065221230587.0,845071923190689.0,845078947365935.0,845085669243658.0,845092311196418.0,845100198190937.0,845107496390747.0,845115511810663.0,845123568570762.0,845130819495836.0,845139807831003.0,845147491482377.0,845155955843486.0,845161619978732.0,845170390686303.0,845177703971891.0,845186951293050.0,845193253737449.0,845200222288331.0,845209352437679.0,845215601796056.0,845222869573336.0,845229516580417.0,845236617668972.0,845242976042903.0,845250708593912.0,845257748300787.0,845265287149967.0,845271744178439.0,845279319062119.0,845286897351534.0,845293816249051.0,845300114594627.0,845307371996053.0,845314880151488.0,845322117143524.0,845328039426498.0,845335338382738.0,845343280694100.0,845349896865797.0,845358077476699.0,845365329800762.0,845373829278080.0,845380462780041.0,845387223736902.0,845394864748879.0,845401331617936.0,845407324598104.0,845414304598405.0,845420862773820.0,845427290049556.0,845432918685216.0,845439707371159.0,845446065346910.0,845452284180625.0,845458114756478.0,845464499720015.0,845471263275178.0,1688849860276387.0,1688856125146764.0,1688862623480075.0,1688869376461936.0,1688875371653344.0,1688881830186124.0,1688888301113308.0,1688894941795788.0,1688900913429489.0,1688907265954700.0,1688913371517577.0,1688920133784766.0,1688926060046384.0,1688933092094762.0,1688940667990167.0,1688947498873720.0,1688956051019080.0,1688963837106872.0,1688970296495384.0,1688976201636329.0,1688983915960733.0,1688992661920670.0,1689000231368508.0,1689005218522612.0
Caching Agent (CBo) for SNB (HSW) (per socket),0.0,9039386840.0,15097395365.0,19845435683.0,22620098252.0,24212654089.0,25226455406.0,26383142705.0,27710605899.0,29481830719.0,33150537058.0,40399227344.0,45160268870.0,46857320682.0,50418601497.0,52724423690.0,55753554349.0,58159306582.0,60474572280.0,65805505063.0,72794691741.0,75237175029.0,78629472283.0,81191054867.0,84013297163.0,85562239497.0,87454247638.0,89150136303.0,90576354605.0,91878664994.0,93214620132.0,94727122609.0,98944669658.0,101061103740.0,104569788892.0,110424365517.0,112570989928.0,114821244870.0,116660194991.0,120811090563.0,127082236808.0,130921643990.0,132404526858.0,134685770415.0,137200667033.0,141907651054.0,145247880973.0,147743007725.0,150523822643.0,156111563744.0,159534468214.0,162077167348.0,164145891722.0,167582702830.0,169386667596.0,171329400193.0,173221571690.0,177693999682.0,179109998751.0,180532128145.0,182252748329.0,183500680044.0,185076627589.0,186617401185.0,188333410225.0,189635441791.0,191962303730.0,194696725665.0,196738409825.0,203159387274.0,206262464886.0,208703086477.0,210050451512.0,212077646101.0,213822512742.0,215454058662.0,217067287469.0,218906130858.0,220936577799.0,222896547293.0,224041560342.0,225732126020.0,227443077593.0,229490814390.0,231053400272.0,232951746702.0,234804506691.0,236800858826.0,237970584759.0,239641437456.0,241371588711.0,243365099697.0,245012522131.0,246924753397.0,248790371300.0,249909112066.0,253639605683.0,257680286246.0,260436775883.0,262716928259.0,265561682189.0,270274569127.0,274605216102.0,276833092446.0,280865394927.0,287376724548.0,297483552900.0,299579152457.0,303548522230.0,308092974274.0,312166095882.0,316121140320.0,323031912409.0,326078644879.0,329519724670.0,332563249854.0,337888987014.0,341930047879.0,345824193054.0,350749718519.0,354176797296.0,356855466923.0,2251799813685655.0,2251801476889232.0,2251803196873859.0,1125913646156291.0,1125917771200156.0,2251808222452620.0,1125921470899260.0,1125923493671313.0,1125925530640307.0,1125927478622508.0,1125929821942654.0,1125932069333608.0,1125934345481603.0,1125935739367206.0,1125937669928751.0,1125940012769518.0,1125941952173974.0,1125943619032369.0,1125945575342442.0,1125948182598753.0,1125954987949686.0,1125956549154492.0,1125962192062029.0,1125972001231744.0,1125983150503797.0,1125987169739767.0,1125995077105424.0,1125999858329124.0,1126002922544412.0,1126006886567325.0,1126012940934940.0,1126020455237887.0,1126024985661253.0,1126031376285036.0,1126034770626244.0,1126041458802404.0,1126043549969730.0,1126046524421223.0,1126050524223358.0,1126059564774736.0,1126064863804135.0,1126067549620165.0,1126071880728794.0,1126075235083901.0,1126079343223123.0,1126083279628999.0,1126085987329348.0,1126088531821817.0,1126094562693691.0,1126097643474393.0,1126100815686726.0,1126104817926261.0,1126110599920394.0,1126115024792516.0,1126118216664589.0,1126122865419283.0,1126125984373549.0,1126133015175012.0,1126137921414808.0,1126140162352983.0,1126145603273268.0,1126149406363651.0,1126153971148096.0,1126158788291107.0,1126160927830997.0,1126162843519814.0,1126164803856989.0,1126166074625449.0,1126167839902945.0,1126169800178640.0,1126171506265596.0,1126172917573911.0,1126175336821326.0,1126177605477222.0,1126179830091815.0,1126182137243275.0,1126183472863140.0,1126185507152287.0,1126188414768927.0,1126191848366169.0,1126198942515810.0,1126202312667754.0,1126207385786642.0,1126210922868456.0,1126214553790494.0,1126216594744149.0,1126218630329370.0,1126220595580498.0,1126222938742286.0,1126225146526644.0,1126227421128482.0,1126230343218474.0,1126232933413234.0,1126235620172095.0,1126238969700043.0,1126244284020863.0,1126247986397933.0,1126251910853581.0,1126256059343701.0,1126258472300379.0,1126262078483590.0,1126265566917444.0,1126271465291085.0,1126273985239608.0,1126276808770234.0,1126280782136853.0,1126282180554773.0,1126285149561176.0,1126287815514553.0,1126290925721480.0,1126293269759957.0,1126296484246759.0,1126299315611825.0,1126304259273326.0,1126307099628523.0,1126309950910865.0,1126314193036078.0,1126317449064413.0,1126319937102870.0,1126322778251252.0,1126325875860478.0,1126329118192289.0,1126330853404705.0,1126334190879540.0,1126338312877948.0,1126341266577053.0,1126344574621474.0,1126349232322498.0,1126353662518509.0,1126356184239315.0,1126358822185067.0,1126363838274011.0,1126365621318588.0,1126367200358350.0,1126369070182124.0,1126371004893141.0,1126372899112499.0,1126374063404226.0,1126375635844807.0,1126377299243912.0,1126378978475922.0,1126380329691528.0,1126381952619044.0,1126383475004081.0,2251799813685655.0,2251801476889232.0,2251803196873859.0,2251804774474206.0,2251806380614493.0,2251808222452620.0,2251810224728726.0,2251812145314421.0,2251813193257127.0,2251814858576744.0,2251816552824550.0,2251818560786433.0,2251820123391382.0,2251822077562896.0,2251824310665222.0,2251827644589081.0,2251833044163628.0,2251837617713155.0,2251839592287896.0,2251841149505914.0,2251846295627407.0,2251851142513627.0,2251854628128015.0,2251856343415658.0
Power Control Unit for SNB (HSW) (per socket),0.0,816050696850.0,1366307245250.0,1847919418150.0,2088881608375.0,3567347054800.0,5048047148450.0,6528602880000.0,8009352949375.0,9177982428950.0,9429202952825.0,10279133392150.0,10725207895725.0,10766471673625.0,11005250712325.0,11180977261775.0,11419338206200.0,11551587473500.0,11639078126450.0,12171602485225.0,13552689588675.0,13689077669750.0,13980075376200.0,14094639358000.0,15468141286800.0,16954004714200.0,18433125145250.0,19920323204250.0,21403586759025.0,22879321991325.0,24350574713500.0,25829187564775.0,26947249819525.0,26973012206575.0,27267047315750.0,27815307484600.0,27879993610675.0,27913434382625.0,27949083223200.0,28234883152075.0,29215100664775.0,29648403674550.0,29680158994925.0,29775828293100.0,29868470932550.0,30293481064375.0,30739763279400.0,31280532537175.0,31402199639775.0,32030423488975.0,32289238442875.0,33020337856150.0,33835132943725.0,34099335074700.0,34134898278900.0,35014205085925.0,35664894329125.0,37011514398875.0,38496030827300.0,39984599432175.0,41467882870300.0,42947409361925.0,44432273396250.0,45915671249075.0,47397336528300.0,48222584268875.0,48378502843575.0,48584088661100.0,48668760396875.0,49274361346450.0,49458131830575.0,49550892637250.0,50382350551425.0,51862611742925.0,53341075663675.0,54823025398625.0,56305910829125.0,57791811397725.0,59277656116400.0,60763381904200.0,62245876681225.0,63723366795200.0,65202351191475.0,66591129139825.0,68064989430425.0,69540246751250.0,71026634174750.0,72501952831575.0,73981680503175.0,75459612472525.0,76942898902000.0,78422132826475.0,79901101074100.0,81374979079475.0,82858350261975.0,84339767515025.0,85820340960600.0,86124356454000.0,86234608920550.0,86290540573100.0,86361212072400.0,86751088356025.0,87014855567275.0,87222763848050.0,87484651227725.0,88032282792000.0,89108586910875.0,89137557976625.0,89359207815025.0,89695053995100.0,89943443312250.0,90340797335100.0,90977257695275.0,91110928710350.0,91286187915350.0,91369296304725.0,91736459726600.0,91965892669650.0,92339603822550.0,92714782003075.0,92827357373000.0,92878279157650.0,192385730703950.0,193868626028150.0,195358407770575.0,93908707475475.0,94142685278000.0,199811487962875.0,96573587604250.0,98054490264925.0,99542261925500.0,101026547904600.0,102453635207225.0,103933690159375.0,105412420591150.0,106896829360275.0,108384252947250.0,109867422120175.0,111345085022475.0,112824809463825.0,114315035135000.0,115794770328000.0,116458348843800.0,116504135241775.0,116998084123625.0,118092463835425.0,119365838606950.0,119615902712250.0,120427137852300.0,120767925637950.0,121040924280800.0,121352520367500.0,121850548280650.0,122591738844300.0,122928240543300.0,123569518864625.0,123807037410125.0,124399001463550.0,124534079901325.0,124713764518375.0,124970177544675.0,125863424340200.0,126268296649375.0,126277336300400.0,126515142682350.0,126804815807600.0,126968097773025.0,127347763927325.0,127398205719175.0,127437512665825.0,127924293688925.0,128037121166375.0,128141315526725.0,128560545809225.0,129064853995000.0,129330556396475.0,129449742847900.0,129781670634650.0,129852371629425.0,130412836679275.0,130709042109775.0,130800476913275.0,131228005635175.0,131433187906050.0,131734815227675.0,132179086868100.0,133656663627375.0,135146224382400.0,136633366042325.0,138118241823625.0,139605016626200.0,141087138343150.0,142572143752800.0,144054805282825.0,145545991459150.0,147034650414100.0,148514635283900.0,149996585206800.0,151483645511500.0,152968369218525.0,153064074914450.0,153182875021375.0,153848778187200.0,153922449575025.0,154251762573450.0,154368658457600.0,155093821188375.0,156575336690200.0,158054600783650.0,159530870678800.0,161009030765700.0,162486315179450.0,163968598484725.0,164687984259000.0,165848054806300.0,166702822912150.0,166928095028475.0,167306385164975.0,167480139631500.0,167699089148650.0,167953327068075.0,168091339105400.0,168273595298025.0,168483288538225.0,168941598848900.0,169018452007300.0,169088241543825.0,169306601476600.0,169327518636050.0,169440094068325.0,169536369785725.0,170040263819175.0,170101246449325.0,170201919441175.0,170256784996350.0,170628154488625.0,170845291887275.0,170968925024475.0,171240910407975.0,171402703522525.0,171468956355600.0,171556573290500.0,171673316749500.0,171750721985100.0,171794908637000.0,171921805336050.0,172092845079575.0,172196760006450.0,172338926483175.0,172696942133125.0,172917899521275.0,173129213323875.0,173266252533675.0,173649115635225.0,174680362668650.0,176159813052950.0,177641933556725.0,179130572561525.0,180607459895250.0,182088361663500.0,183563813226575.0,185042428687225.0,186517774222000.0,187997828783025.0,189467634323000.0,190949835734525.0,192385730703950.0,193868626028150.0,195358407770575.0,196846570234950.0,198333712725875.0,199811487962875.0,201299503553675.0,202776388316125.0,204258279854550.0,205741894399825.0,207221044385950.0,208708204397000.0,210193547835775.0,210745235943700.0,210805864675825.0,210990180504325.0,211539431721075.0,211992245133850.0,212033618330725.0,212033618330725.0,212459102221175.0,212838862390750.0,213518033017175.0,214622226784050.0
Integrated Memory Controller for SNB (HSW) (per socket),0.0,2214569183.0,3965290134.0,5506606480.0,7178422887.0,8939399252.0,10838792023.0,12445814574.0,14293619188.0,16149788428.0,17964665428.0,19787001488.0,21561564824.0,23306062787.0,25135128297.0,26798242467.0,28744831817.0,30508631414.0,32233351999.0,33734292614.0,35639899837.0,37300157645.0,38897820769.0,40632481151.0,42396526701.0,44414336371.0,46024526354.0,47821766073.0,49573852045.0,51548469742.0,53199742592.0,55027312406.0,56840344684.0,58558575777.0,60272828323.0,61960690233.0,63613459447.0,65343828404.0,66909158164.0,68839104028.0,70603912311.0,72352367584.0,73912613524.0,75873713616.0,77604317934.0,79273326580.0,81078202286.0,82872329541.0,84889889929.0,86505401706.0,88188005287.0,89912289183.0,91801865836.0,93361953522.0,95117181501.0,96851894541.0,98579398479.0,100308796137.0,102005934710.0,103753051338.0,105571673816.0,107228955539.0,109249760726.0,111087212742.0,112901506702.0,114468586366.0,116442236002.0,118156617599.0,119784676762.0,121486573379.0,123203135518.0,125132775488.0,126653767235.0,128363440722.0,130020995609.0,131903984086.0,133535773434.0,135348249420.0,137145120306.0,138926530665.0,140721143206.0,142476668884.0,144205509167.0,146009432249.0,147610556961.0,149538343443.0,151279726041.0,153008218418.0,154492007901.0,156371363272.0,158043306728.0,159771618302.0,161345484442.0,163116231617.0,165148075290.0,166742254741.0,168556095846.0,170282258420.0,172226754861.0,173863459030.0,175680520766.0,177448123539.0,179157909070.0,180880545525.0,182579298758.0,184325937650.0,186008782218.0,187547422544.0,189475550531.0,191215214012.0,193008786062.0,194581221079.0,196542044002.0,198280316185.0,199939357976.0,201720888686.0,203493889329.0,205479071042.0,207051188273.0,208681706812.0,210387407781.0,212245740531.0,2251799813695849.0,2251801620517611.0,2251803350173437.0,1125904823215021.0,1125906548056390.0,2251808758765664.0,1125910056284223.0,1125911775817477.0,1125913490904667.0,1125915317863321.0,1125917139712679.0,1125918936159599.0,1125920689920066.0,1125922269360143.0,1125924190943357.0,1125925916857223.0,1125927571520107.0,1125929133351521.0,1125930863813212.0,1125932801525298.0,1125934554751179.0,1125936047876721.0,1125937690770625.0,1125939659030259.0,1125941331886737.0,1125943162008146.0,1125944957926505.0,1125946739534920.0,1125948553004926.0,1125950291107191.0,1125952112604725.0,1125953832255801.0,1125955402405900.0,1125957340115351.0,1125959089244004.0,1125960824271749.0,1125962292968505.0,1125964172680166.0,1125965838395940.0,1125967567751947.0,1125969186232989.0,1125970938975896.0,1125972945271551.0,1125974531613926.0,1125976311080122.0,1125978027093795.0,1125979952902111.0,1125981571205495.0,1125983376507628.0,1125985079207528.0,1125986770300386.0,1125988479158192.0,1125990161744480.0,1125991867724677.0,1125993511589027.0,1125995056427864.0,1125996963217602.0,1125998741059275.0,1126000505370252.0,1126002064019370.0,1126004011972755.0,1126005731737294.0,1126007381505495.0,1126009169611029.0,1126010994723052.0,1126013043089850.0,1126014816689521.0,1126016318748551.0,1126018009349444.0,1126019994634719.0,1126021677324990.0,1126023276230015.0,1126025030623858.0,1126026748329526.0,1126028742665410.0,1126030594737129.0,1126032168686148.0,1126033922735688.0,1126035945236063.0,1126037691604214.0,1126039323312360.0,1126041107332293.0,1126042891562192.0,1126044808172563.0,1126046319743580.0,1126047944854177.0,1126049588804089.0,1126051368158883.0,1126053085267334.0,1126054798840705.0,1126056495669386.0,1126058003229526.0,1126060023793736.0,1126061769247853.0,1126063488746317.0,1126065125036680.0,1126066921282792.0,1126068929580974.0,1126070734517408.0,1126072278351847.0,1126073945885517.0,1126075821926325.0,1126077566893937.0,1126079130191675.0,1126080826309049.0,1126082525117414.0,1126084227984601.0,1126085975325206.0,1126087628824498.0,1126089342229834.0,1126090988336070.0,1126093003322947.0,1126094812365855.0,1126096585263955.0,1126098147064449.0,1126100100022865.0,1126101907292834.0,1126103600495454.0,1126105128939546.0,1126106844341055.0,1126108767920683.0,1126110487492280.0,1126111950806865.0,1126113554791123.0,1126115417299384.0,1126116967173319.0,1126118800271385.0,1126120584478433.0,1126122353366914.0,1126124160623588.0,1126125917667575.0,1126127739707941.0,1126129463686503.0,1126131117687915.0,1126133071679379.0,1126134815620316.0,1126136530928221.0,1126137999752228.0,1126139883801593.0,1126141543619117.0,1126143296956949.0,1126144861559969.0,1126146585617161.0,1126148617743435.0,2251799813695849.0,2251801620517611.0,2251803350173437.0,2251805309276621.0,2251806946459932.0,2251808758765664.0,2251810557816202.0,2251812306615243.0,2251814014072956.0,2251815690676016.0,2251817341139924.0,2251819068993935.0,2251820633897071.0,2251822561391213.0,2251824305755755.0,2251826031573323.0,2251827624397919.0,2251829601580194.0,2251831340873661.0,2251833000015918.0,2251834821903615.0,2251836615807832.0,2251838630100830.0,2251839930029000.0
Infiniband usage (default),0.0,0.0,0.0,0.0,0.0,0.0,0.0,0.0,0.0,0.0,0.0,0.0,0.0,0.0,0.0,0.0,0.0,0.0,0.0,0.0,0.0,0.0,0.0,0.0,0.0,0.0,0.0,0.0,0.0,0.0,0.0,0.0,0.0,0.0,0.0,0.0,0.0,0.0,0.0,0.0,0.0,0.0,0.0,0.0,0.0,0.0,0.0,0.0,0.0,0.0,0.0,0.0,0.0,0.0,0.0,0.0,0.0,0.0,0.0,0.0,0.0,0.0,0.0,0.0,0.0,0.0,0.0,0.0,0.0,0.0,0.0,0.0,0.0,0.0,0.0,0.0,0.0,0.0,0.0,0.0,0.0,0.0,0.0,0.0,0.0,0.0,0.0,0.0,0.0,0.0,0.0,0.0,0.0,0.0,0.0,0.0,0.0,0.0,0.0,0.0,0.0,0.0,0.0,0.0,0.0,0.0,0.0,0.0,0.0,0.0,0.0,0.0,0.0,0.0,0.0,0.0,0.0,0.0,0.0,0.0,0.0,0.0,0.0,0.0,0.0,0.0,0.0,0.0,0.0,0.0,0.0,0.0,0.0,0.0,0.0,0.0,0.0,0.0,0.0,0.0,0.0,0.0,0.0,0.0,0.0,0.0,0.0,0.0,0.0,0.0,0.0,0.0,0.0,0.0,0.0,0.0,0.0,0.0,0.0,0.0,0.0,0.0,0.0,0.0,0.0,0.0,0.0,0.0,0.0,0.0,0.0,0.0,0.0,0.0,0.0,0.0,0.0,0.0,0.0,0.0,0.0,0.0,0.0,0.0,0.0,0.0,0.0,0.0,0.0,0.0,0.0,0.0,0.0,0.0,0.0,0.0,0.0,0.0,0.0,0.0,0.0,0.0,0.0,0.0,0.0,0.0,0.0,0.0,0.0,0.0,0.0,0.0,0.0,0.0,0.0,0.0,0.0,0.0,0.0,0.0,0.0,0.0,0.0,0.0,0.0,0.0,0.0,0.0,0.0,0.0,0.0,0.0,0.0,0.0,0.0,0.0,0.0,0.0,0.0,0.0,0.0,0.0,0.0,0.0,0.0,0.0,0.0,0.0,0.0,0.0,0.0,0.0,0.0,0.0,0.0,0.0,0.0,0.0,0.0,0.0,0.0,0.0,0.0,0.0,0.0,0.0,0.0,0.0,0.0,0.0,0.0,0.0,0.0,0.0,0.0,0.0,0.0,0.0,0.0,0.0,0.0,0.0,0.0,0.0,0.0,0.0,0.0,0.0,0.0,0.0
Intel Haswell Processor (HSW) (per core),0.0,298628649913.0,310904872928.0,321340661048.0,333525473496.0,348991989444.0,361500367112.0,371933583689.0,383481100094.0,395161695564.0,406573008818.0,414575274429.0,425759936547.0,433898614121.0,434788316364.0,436590846110.0,437879146270.0,438766944607.0,439720759710.0,446185166933.0,457279382576.0,468976268037.0,480149101282.0,492901411269.0,505509724578.0,516417284252.0,525776757319.0,537492742926.0,549539462124.0,561066415671.0,572110161250.0,585511633753.0,599294967481.0,610799728424.0,618917088454.0,631502231051.0,644054478632.0,657360943469.0,668794467602.0,680956828155.0,692059851942.0,704763910329.0,713560299896.0,725908115722.0,736824499298.0,747653019514.0,751959154005.0,753326540691.0,761544029574.0,771688035835.0,785289109766.0,798420085761.0,809556904144.0,820389463754.0,833219147624.0,833928516209.0,834890375956.0,838493692873.0,852610146105.0,865274539932.0,879414895113.0,880654108160.0,881970910418.0,883239248372.0,889884440300.0,899748657234.0,912668174320.0,915351607090.0,916788974062.0,918100262342.0,919818612982.0,934136212906.0,945223806982.0,959043004587.0,970521742148.0,983923913183.0,994529866377.0,1007287081724.0,1019630997844.0,1032487922768.0,1041853238710.0,1053383835923.0,1064142008153.0,1077331223960.0,1085321471868.0,1091062756064.0,1094235751132.0,1096592819499.0,1104175849212.0,1119722350678.0,1131559629608.0,1144392196288.0,1154511260594.0,1165905081928.0,1179224250342.0,1190780030420.0,1203674602244.0,1216402737698.0,1226861893156.0,1227338781451.0,1239479463745.0,1251571570816.0,1264947223350.0,1275620077914.0,1288091315770.0,1296248502887.0,1308370579222.0,1318960434773.0,1332295465890.0,1346192899436.0,1359097544056.0,1370147150167.0,1383828769059.0,1397856220000.0,1403127292433.0,1404717170637.0,1406791194750.0,1407795451005.0,1408964159621.0,1414953047271.0,1430769868426.0,1486257225335.0,6192449487649719.0,6192464807032382.0,6192476458297305.0,3096254849877734.0,3096269058417117.0,6192513926795574.0,3096277903676625.0,3096285351974246.0,3096295688816462.0,3096303977365404.0,3096317741991576.0,3096323988124793.0,3096326431008915.0,3096332388973322.0,3096333115261117.0,3096343547981610.0,3096353307103042.0,3096363969703546.0,3096372126295080.0,3096373261909871.0,3096388371948082.0,3096398209275356.0,3096404638121271.0,3096405137950463.0,3096406040801440.0,3096406797199470.0,3096414802335992.0,3096419944707541.0,3096427816054111.0,3096434773962146.0,3096435078326417.0,3096435398263381.0,3096435842892388.0,3096436502704421.0,3096437946270656.0,3096438684648701.0,3096439799320697.0,3096445280000186.0,3096446969602451.0,3096448478962865.0,3096450142584827.0,3096461605809224.0,3096469631328969.0,3096471820912892.0,3096474756547235.0,3096476470378342.0,3096477984156894.0,3096485927138120.0,3096487782439661.0,3096491696358709.0,3096505639519893.0,3096516913927688.0,3096530199128563.0,3096544648716818.0,3096557696079259.0,3096568609061544.0,3096570915266562.0,3096584216036835.0,3096597909840196.0,3096609202102610.0,3096623130468757.0,3096635306035543.0,3096645011334882.0,3096656929322330.0,3096669787413752.0,3096685147833597.0,3096698965921551.0,3096704494417449.0,3096712404682669.0,3096718010051700.0,3096732804146838.0,3096741066441125.0,3096743774996935.0,3096752972332195.0,3096766859684412.0,3096783042063310.0,3096785178665156.0,3096785780385819.0,3096787730838887.0,3096791287762180.0,3096796998754766.0,3096811092832704.0,3096825637018587.0,3096838771526895.0,3096850777438860.0,3096863900680761.0,3096876095035201.0,3096889231182969.0,3096890774113820.0,3096892601704398.0,3096895453537377.0,3096897498231237.0,3096898426897285.0,3096899759986097.0,3096905136307270.0,3096915876982912.0,3096929451119615.0,3096942248218808.0,3096944814767424.0,3096945983552480.0,3096947876981849.0,3096949380122265.0,3096953776507846.0,3096954431754376.0,3096955249839461.0,3096956177252242.0,3096957051887681.0,3096957960759582.0,3096959931274150.0,3096960950640267.0,3096962973301999.0,3096965140900187.0,3096967368369022.0,3096982053263870.0,3096987114737496.0,3096991829693043.0,3096998260069961.0,3097011078723534.0,3097022155708415.0,3097034956343614.0,3097048531034160.0,3097053138282784.0,3097054673056458.0,3097063989455134.0,3097070063956011.0,3097078803187900.0,3097079941814187.0,3097093980403112.0,3097095311763658.0,3097096479372533.0,3097097599703253.0,3097104893472808.0,3097118270652917.0,3097128559506763.0,3097142219307360.0,3097156112287081.0,3097169508548103.0,3097179292375665.0,3097191554144063.0,3097203094801196.0,3097217813375461.0,3097228466565773.0,3097240119960588.0,3097252736964202.0,6192449487649719.0,6192464807032382.0,6192476458297305.0,6192487917995824.0,6192499370247548.0,6192513926795574.0,6192528135839123.0,6192541958781205.0,6192552105879083.0,6192564448411125.0,6192575925293178.0,6192589853634646.0,6192602224927011.0,6192615807665239.0,6192628547416418.0,6192643686413745.0,6192654717097495.0,6192667883209805.0,6192681023502331.0,6192691755098877.0,6192697600872514.0,6192710792188157.0,6192723297966070.0,6192730437658552.0
InfiniBand usage (sw),0.0,197945090.0,202209538.0,206480006.0,210760266.0,215031611.0,219245103.0,223520119.0,227821493.0,232118447.0,236353918.0,240638506.0,244881525.0,249148849.0,253379639.0,257652223.0,261903552.0,266175077.0,270402445.0,274619533.0,278899763.0,283116564.0,287335158.0,291627967.0,295901862.0,300150064.0,304337996.0,308598379.0,312825315.0,317052205.0,321284797.0,325551831.0,329791919.0,333990690.0,338198345.0,342445845.0,346718120.0,351133165.0,355537143.0,359816645.0,364273206.0,368830917.0,373025060.0,377196348.0,381354880.0,385562905.0,389780729.0,393906855.0,398006089.0,402099299.0,406220641.0,410363619.0,414537082.0,418694778.0,422835275.0,426971557.0,431057841.0,435218045.0,439323476.0,443467812.0,447629018.0,451768508.0,455838680.0,459968606.0,464076869.0,468179351.0,472299374.0,476389004.0,480530977.0,484669864.0,488799427.0,492916101.0,497025239.0,501131874.0,505259504.0,509411303.0,513505230.0,517602293.0,521747152.0,525833020.0,530005362.0,534145632.0,538274279.0,542389484.0,546547548.0,550689022.0,554817284.0,558942588.0,563110655.0,567256160.0,571393928.0,575490035.0,579613966.0,583688048.0,587825287.0,591952478.0,596106084.0,600249966.0,604382868.0,608652726.0,612895218.0,617135245.0,621433210.0,625708861.0,629987337.0,634246358.0,638493117.0,642749050.0,646983171.0,651247613.0,655552232.0,659814089.0,664065892.0,668275064.0,672498437.0,676748886.0,681051090.0,685308531.0,689566053.0,693825526.0,698082926.0,702424704.0,1309206991.0,1313350558.0,1317486874.0,715915937.0,720170580.0,1330050154.0,728654987.0,732883985.0,737132763.0,741385676.0,745662596.0,749867236.0,754093270.0,758322969.0,762552935.0,766762467.0,770966237.0,775170331.0,779413131.0,783680440.0,787926686.0,792177543.0,796417331.0,800640795.0,804908650.0,809185873.0,813449192.0,818178114.0,822422293.0,826629068.0,830832570.0,835017315.0,839244802.0,843428458.0,847623249.0,851857673.0,856098698.0,860304271.0,864528311.0,868763430.0,872986608.0,877203645.0,881454386.0,885660733.0,889840116.0,894080731.0,898308554.0,902531966.0,906727844.0,910975249.0,915187551.0,919377937.0,923602002.0,927818966.0,932005236.0,936175342.0,940356401.0,944522947.0,948714681.0,952907155.0,957070458.0,961213192.0,965331923.0,969456352.0,973572130.0,977686215.0,981788871.0,985904779.0,990015436.0,994164868.0,998195729.0,1002389585.0,1006545602.0,1010684314.0,1014841835.0,1019011309.0,1023156463.0,1027280902.0,1031469351.0,1035642228.0,1039834224.0,1044051157.0,1048232813.0,1052461114.0,1056583419.0,1060763662.0,1064956788.0,1069163158.0,1073323814.0,1077548702.0,1081729808.0,1085880093.0,1090055635.0,1094224321.0,1098424935.0,1102632167.0,1106769712.0,1110896216.0,1115074033.0,1119230785.0,1123414019.0,1127605117.0,1131753385.0,1135954026.0,1140165975.0,1144349334.0,1148623312.0,1152808252.0,1156970902.0,1161132443.0,1165705061.0,1169925892.0,1174152803.0,1178353151.0,1182471460.0,1186665249.0,1190822956.0,1195040874.0,1199222368.0,1203352134.0,1207496047.0,1211662120.0,1215799413.0,1219891821.0,1224027432.0,1228049054.0,1232187988.0,1236312348.0,1240425096.0,1244575538.0,1248754338.0,1252925546.0,1257046708.0,1263891189.0,1267969037.0,1272103594.0,1276254515.0,1280351762.0,1284646567.0,1288792797.0,1292913634.0,1297008194.0,1301154622.0,1305246952.0,1309206991.0,1313350558.0,1317486874.0,1321647561.0,1325875349.0,1330050154.0,1334208367.0,1338327942.0,1342468105.0,1346507411.0,1350689379.0,1354864836.0,1359027813.0,1363216756.0,1367386381.0,1371498363.0,1375695039.0,1379820397.0,1384019446.0,1388177254.0,1392371661.0,1396577907.0,1400704568.0,1404145223.0
Process statistics,3006.0,222591.0,446565.0,663834.0,881789.0,1093342.0,1298309.0,1499055.0,1708460.0,1958178.0,2168006.0,2374067.0,2577039.0,2780637.0,2987560.0,3200542.0,3408215.0,3620314.0,3826545.0,4036063.0,4248096.0,4449772.0,4655716.0,4860963.0,5073078.0,5283433.0,5489256.0,5700758.0,5906475.0,6114309.0,6320842.0,6530298.0,6735292.0,6934768.0,7135091.0,7342670.0,7545894.0,7755370.0,8007912.0,8228996.0,8451521.0,8702845.0,8932416.0,9135910.0,9340373.0,9550137.0,9778209.0,10000405.0,10243646.0,10455089.0,10678210.0,10890045.0,11116287.0,11380441.0,11583585.0,11792032.0,12007371.0,12212197.0,12440415.0,12647800.0,12861881.0,13079313.0,13300211.0,13509133.0,13718804.0,13923518.0,14125874.0,14328422.0,14532804.0,14737954.0,14944924.0,15153050.0,15361182.0,15568629.0,15778793.0,15984478.0,16190204.0,16405954.0,16614913.0,16824814.0,17037888.0,17245906.0,17451391.0,17655289.0,17866387.0,18079668.0,18287207.0,18499956.0,18713080.0,19054270.0,19271576.0,19480749.0,19685242.0,19893965.0,20097916.0,20306363.0,20512613.0,20716089.0,20919040.0,21122318.0,21318681.0,21525881.0,21729109.0,21938409.0,22143381.0,22348290.0,22556176.0,22753729.0,22970582.0,23177078.0,23388358.0,23590962.0,23795913.0,24000364.0,24203579.0,24409031.0,24614546.0,24819134.0,25023884.0,25360952.0,25562976.0,25777915.0,55787070.0,56000209.0,56202462.0,26441881.0,26647960.0,56860425.0,27065939.0,27276919.0,27478395.0,27681480.0,28016596.0,28220346.0,28425148.0,28634812.0,28837242.0,29040145.0,29241258.0,29458139.0,29661882.0,29864948.0,30068568.0,30269957.0,30477429.0,30686035.0,30897895.0,31102812.0,31308582.0,31531375.0,31739289.0,31941287.0,32147340.0,32360657.0,32565835.0,32775183.0,32979444.0,33186389.0,33388253.0,33610766.0,33818444.0,34024319.0,34224606.0,34423230.0,34624411.0,34825796.0,35023685.0,35224015.0,35432366.0,35633184.0,35841313.0,36056507.0,36277864.0,36494782.0,36703352.0,36904508.0,37105539.0,37314456.0,37514296.0,37718634.0,37919372.0,38119015.0,38316872.0,38519738.0,38717583.0,38916419.0,39124663.0,39325379.0,39529253.0,39737895.0,39939902.0,40143110.0,40342620.0,40546683.0,40751152.0,40959207.0,41162952.0,41368491.0,41572502.0,41771738.0,41971963.0,42177229.0,42376012.0,42573988.0,42784527.0,42982415.0,43180897.0,43392844.0,43592177.0,43795465.0,44000692.0,44206702.0,44412202.0,44613770.0,44814243.0,45009828.0,45210601.0,45411502.0,45614160.0,45814933.0,46010125.0,46206195.0,46407306.0,46649509.0,46853264.0,47049591.0,47246204.0,47445542.0,47644738.0,47844633.0,48042366.0,48247919.0,48461171.0,48660211.0,48991354.0,49196070.0,49394764.0,49600874.0,49803570.0,50013650.0,50210188.0,50410882.0,50615046.0,50823435.0,51021846.0,51218835.0,51416401.0,51615584.0,51813742.0,52023090.0,52222499.0,52421880.0,52753551.0,52957318.0,53159050.0,53365240.0,53568483.0,53768171.0,53974285.0,54189821.0,54399563.0,54614254.0,54827598.0,55038459.0,55380294.0,55585779.0,55787070.0,56000209.0,56202462.0,56413995.0,56629887.0,56860425.0,57070346.0,57273684.0,57485671.0,57695384.0,57928864.0,58151560.0,58408027.0,58637173.0,58840018.0,59043514.0,59306906.0,59523640.0,59733709.0,59979893.0,60212846.0,60462467.0,60685771.0,60911888.0
Home Agent Unit for SNB (HSW) (per socket),0.0,722372275272.0,1444307769770.0,2166084890921.0,2888178377222.0,3610527250278.0,4332803182333.0,5054510071759.0,5776636163946.0,6498918823940.0,7221164814227.0,7943109897078.0,8665176683129.0,9387281183907.0,10109555700967.0,10831252129465.0,11553573997179.0,12275711604564.0,12997946122606.0,13719878356050.0,14442106342381.0,15164138983127.0,15885836603586.0,16608168852510.0,17330405838653.0,18052725100240.0,18774523526672.0,19496749168000.0,20218953013423.0,20941184993883.0,21662911548591.0,22385019010795.0,23107285120662.0,23829522653049.0,24551480138284.0,25273547208969.0,25995641762310.0,26717928142151.0,27439614713084.0,28162027857764.0,28884201733658.0,29606439767896.0,30328412618109.0,31050668194360.0,31772750482467.0,32494483406306.0,33216740305522.0,33938976555989.0,34661300976245.0,35383088442835.0,36105190831537.0,36827477700302.0,37549725208435.0,38271414808652.0,38993546548177.0,39715792974354.0,40438068587393.0,41160021320250.0,41882082441849.0,42604195138104.0,43326493881736.0,44048188663203.0,44770545390375.0,45492673829092.0,46214928742396.0,46936838086908.0,47659054568146.0,48381121284123.0,49102920159015.0,49825091792049.0,50547296371442.0,51269606852012.0,51991398694448.0,52713626417503.0,53435813063451.0,54158045131605.0,54879763790798.0,55601870783291.0,56324137097011.0,57046385370173.0,57768358898957.0,58490419400681.0,59212523622456.0,59934818744702.0,60656505160292.0,61378862055137.0,62101000609010.0,62823255745724.0,63545157556634.0,64267385050519.0,64989462659992.0,65711666446982.0,66433427349803.0,67155648395281.0,67878010216172.0,68599772889594.0,69322037582336.0,70044184126672.0,70766397774719.0,71488127661541.0,72210269785852.0,72932518204809.0,73654757534587.0,74376743405036.0,75098847841851.0,75821081606649.0,76543278902444.0,77264952370326.0,77987313516158.0,78709441110024.0,79431707045324.0,80153622903771.0,80875841670561.0,81597900385638.0,82319650445420.0,83041880796716.0,83764108304054.0,84486417520246.0,85208282240857.0,85930390293579.0,86652676117881.0,87374922166722.0,2251799813705278.0,2252522076552551.0,2253244302481332.0,1128065906937739.0,1128788158032295.0,2255410370187768.0,1130237345019907.0,1130959469119281.0,1131681607957662.0,1132403595933674.0,1133125661066813.0,1133847761701251.0,1134569949416920.0,1135291868371789.0,1136014096276766.0,1136736231411391.0,1137458369011603.0,1138180055027687.0,1138902319299901.0,1139624670819421.0,1140346806503298.0,1141068723116029.0,1141790852235515.0,1142513096342293.0,1143234820141333.0,1143956994192415.0,1144679208454778.0,1145401456205561.0,1146123478301722.0,1146845549640510.0,1147567807100605.0,1148289958480840.0,1149011666994825.0,1149734011248385.0,1150456135913855.0,1151178406767057.0,1151900280378485.0,1152622510030784.0,1153344577734776.0,1154066788084307.0,1154788559165407.0,1155510755069568.0,1156233137491382.0,1156954898414237.0,1157677143870878.0,1158404743526023.0,1159127028506918.0,1159848758563455.0,1160570882086230.0,1161293149475415.0,1162015371371524.0,1162737333492327.0,1163459398952476.0,1164181626403033.0,1164903812399544.0,1165625485052112.0,1166347859817231.0,1167069992771533.0,1167792221105200.0,1168514155669897.0,1169236377202955.0,1169958469547524.0,1170680211722892.0,1171402505349197.0,1172124833332848.0,1172847262289029.0,1173569490905559.0,1174291416369449.0,1175013653473454.0,1175736079277041.0,1176458218560919.0,1177179993482862.0,1177902371172542.0,1178624634544896.0,1179347040557811.0,1180069298778241.0,1180791203506953.0,1181513440968850.0,1182235807249005.0,1182957911143498.0,1183679592484144.0,1184401845258426.0,1185124087586073.0,1185846444067166.0,1186568248342470.0,1187290365677415.0,1188012540385121.0,1188734593406462.0,1189456662141917.0,1190178767010428.0,1190901005255857.0,1191622893227050.0,1192345243537139.0,1193067345697822.0,1193789453730715.0,1194511187254838.0,1195233407947434.0,1195955776427482.0,1196677943161352.0,1197399788331227.0,1198121960605710.0,1198844196664093.0,1199566397632316.0,1200288089948218.0,1201010322588547.0,1201732580146310.0,1202454540274461.0,1203176727139040.0,1203898865535623.0,1204621030672508.0,1205342730034055.0,1206065116649763.0,1206787281573634.0,1207509474536335.0,1208231400746420.0,1208953649768243.0,1209675801501705.0,1210397981527983.0,1211119673464897.0,1211841936536232.0,1212564994348319.0,1213287158005644.0,1214009071904321.0,1214731196144504.0,1215453466062335.0,1216175175493241.0,1216897361935235.0,1217619579400096.0,1218341821697115.0,1219063847138918.0,1219785891447659.0,1220508165840894.0,1221230327430838.0,1221952044779015.0,1222674390620150.0,1223396553467237.0,1224118816382603.0,1224840744497630.0,1225563032237039.0,1226285100258232.0,1227007343320795.0,1227729083777003.0,1228451326619427.0,1229173681533601.0,2251799813705278.0,2252522076552551.0,2253244302481332.0,2253966527147829.0,2254688258250295.0,2255410370187768.0,2256132650792043.0,2256854883554013.0,2257576850969979.0,2258298938654517.0,2259021021639811.0,2259743318788776.0,2260465008326326.0,2261187374424425.0,2261909504976476.0,2262631759504714.0,2263353712765261.0,2264075939319696.0,2264799250667462.0,2265520944950631.0,2266249186150641.0,2266971404998073.0,2267693722869986.0,2268286054607982.0
Network device usage (per device),0.0,865730.0,1943920.0,3036719.0,7609398.0,8710829.0,9972217.0,11329813.0,12543663.0,19619144.0,21190697.0,22366115.0,23466373.0,24498033.0,25458604.0,26681643.0,27675483.0,28957423.0,30283070.0,31523252.0,32602079.0,33836812.0,34811938.0,35947807.0,37336481.0,38553022.0,39494492.0,40586959.0,41826474.0,42846675.0,44189273.0,45239451.0,46476320.0,47310677.0,48308438.0,49418370.0,50618152.0,51769254.0,53487038.0,54862397.0,56164559.0,58147574.0,59595925.0,60700557.0,61673789.0,62906697.0,64560769.0,65926985.0,67427382.0,70898675.0,72250897.0,73455497.0,75029237.0,76954753.0,78307302.0,79681120.0,80874996.0,81871554.0,82905425.0,83829529.0,85035468.0,86205736.0,87555187.0,88435373.0,89796505.0,90878645.0,92127911.0,93449630.0,94720303.0,95876165.0,97129766.0,98150938.0,99296287.0,100424098.0,101422348.0,102546446.0,103813326.0,105051871.0,106005967.0,107081183.0,108105674.0,109506721.0,110380969.0,111220007.0,112445531.0,116290719.0,117613527.0,118872812.0,120062133.0,121367219.0,122836682.0,123956624.0,124794181.0,125920330.0,127079952.0,128488825.0,129419402.0,130506764.0,131670879.0,132763526.0,133681692.0,134898085.0,135892337.0,137289846.0,138616003.0,139870439.0,140961032.0,142276857.0,143474078.0,144666258.0,145773265.0,146783323.0,147787305.0,148553469.0,149623922.0,156028649.0,157363515.0,158366767.0,159280344.0,160293676.0,161137902.0,163002156.0,373597896.0,374843851.0,375774442.0,169662160.0,171122503.0,379905793.0,176075684.0,177435745.0,178510312.0,179549894.0,180894987.0,181895755.0,182997961.0,184022472.0,184945130.0,186220032.0,187322608.0,206617600.0,207582210.0,208851519.0,209933038.0,210973808.0,212241043.0,213244989.0,214279062.0,215388856.0,216542823.0,217834537.0,219428110.0,220337364.0,221450246.0,222457008.0,223778072.0,225119369.0,226470003.0,227482826.0,228520731.0,229702520.0,230619094.0,231491862.0,232767198.0,233929397.0,235126823.0,236087665.0,237009737.0,237960082.0,239191161.0,240118394.0,241394972.0,242784357.0,244069653.0,245231599.0,246427773.0,247512717.0,248860549.0,250016433.0,251170695.0,252122320.0,253085523.0,254403398.0,255744760.0,257072396.0,258069704.0,259014433.0,260360438.0,261517397.0,262482675.0,263903729.0,265057256.0,266105437.0,267118832.0,270675605.0,272101572.0,273254634.0,274687490.0,276053036.0,277213691.0,278443440.0,279561573.0,280571329.0,281651093.0,282836016.0,284032743.0,285195512.0,286208816.0,287306247.0,288221267.0,289169501.0,290207354.0,291135916.0,292238565.0,293503326.0,294428500.0,295368045.0,296562676.0,297957687.0,298986450.0,299940412.0,300932181.0,301953350.0,303136808.0,304733824.0,305964638.0,307000156.0,308081497.0,309111972.0,310223271.0,314084582.0,315112510.0,316285068.0,317575642.0,318678867.0,319782887.0,325598924.0,326620525.0,327791962.0,328900359.0,336517806.0,337570481.0,338941012.0,340201252.0,343844071.0,344796116.0,345660472.0,346841906.0,348308993.0,349262046.0,350532173.0,351696751.0,352693938.0,354144806.0,355331971.0,356296179.0,357654088.0,358521906.0,359451803.0,360863789.0,364954882.0,366152851.0,367497400.0,368852440.0,370105885.0,371515083.0,372601967.0,373597896.0,374843851.0,375774442.0,376933567.0,378325383.0,379905793.0,381280515.0,382377028.0,383680192.0,384842744.0,386560590.0,387795111.0,389534857.0,391504447.0,392475690.0,393634690.0,401554869.0,402813513.0,404105433.0,406017086.0,407374283.0,409061773.0,410343983.0,412030990.0
"Process specific data (MaxRSS, executable name etc.)",16884628.0,16884628.0,16884628.0,16884628.0,16884628.0,16884628.0,16884628.0,16884628.0,16884628.0,16884628.0,16884628.0,16884628.0,16884628.0,16884628.0,16884628.0,16884628.0,16884628.0,16884628.0,16884628.0,16884628.0,16884628.0,16884628.0,16884628.0,16884628.0,16884628.0,16884628.0,16884628.0,16884628.0,16884628.0,16884628.0,16884628.0,16884628.0,16884628.0,16884628.0,16884628.0,16884628.0,16884628.0,16884628.0,16884628.0,16884628.0,16884628.0,16884628.0,16884628.0,16884628.0,16884628.0,16884628.0,16884628.0,16884628.0,16884628.0,16884628.0,16884628.0,16884628.0,16884628.0,16884628.0,16884628.0,16884628.0,16884628.0,16884628.0,16884628.0,16884628.0,16884628.0,16884628.0,16884628.0,16884628.0,16884628.0,16884628.0,16884628.0,16884628.0,16884628.0,16884628.0,16884628.0,16884628.0,16884628.0,16884628.0,16884628.0,16884628.0,16884628.0,16884628.0,16884628.0,16884628.0,16884628.0,16884628.0,16884628.0,16884628.0,16884628.0,16884628.0,16884628.0,16884628.0,16884628.0,16884628.0,16884628.0,16884628.0,16884628.0,16884628.0,16884628.0,16884628.0,16884628.0,16884628.0,16884628.0,16884628.0,16884628.0,16884628.0,16884628.0,16884628.0,16884628.0,16884628.0,16884628.0,16884628.0,16884628.0,16884628.0,16884628.0,16884628.0,16884628.0,16884628.0,16884628.0,16884628.0,16884628.0,16884628.0,16884628.0,16884628.0,16884628.0,16884628.0,16884628.0,16884628.0,16884628.0,16884628.0,16884628.0,16884628.0,16884628.0,16884628.0,16884628.0,16884628.0,16884628.0,16884628.0,16884628.0,16884628.0,16884628.0,16884628.0,16884628.0,16884628.0,16884628.0,16884628.0,16884628.0,16884628.0,16884628.0,16884628.0,16884628.0,16884628.0,16884628.0,16884628.0,16884628.0,16884628.0,16884628.0,16884628.0,16884628.0,16884628.0,16884628.0,16884628.0,16884628.0,16884628.0,16884628.0,16884628.0,16884628.0,16884628.0,16884628.0,16884628.0,16884628.0,16884628.0,16884628.0,16884628.0,16884628.0,16884628.0,16884628.0,16884628.0,16884628.0,16884628.0,16884628.0,16884628.0,16884628.0,16884628.0,16884628.0,16884628.0,16884628.0,16884628.0,16884628.0,16884628.0,16884628.0,16884628.0,16884628.0,16884628.0,16884628.0,16884628.0,16884628.0,16884628.0,16884628.0,16884628.0,16884628.0,16884628.0,16884628.0,16884628.0,16884628.0,16884628.0,16884628.0,16884628.0,16884628.0,16884628.0,16884628.0,16884628.0,16884628.0,16884628.0,16884628.0,16884628.0,16884628.0,16884628.0,16884628.0,16884628.0,16884628.0,16884628.0,16884628.0,16884628.0,16884628.0,16884628.0,16884628.0,16884628.0,16884628.0,16884628.0,16884628.0,16884628.0,16884628.0,16884628.0,16884628.0,16884628.0,16884628.0,16884628.0,16884628.0,16884628.0,16884628.0,16884628.0,16884628.0,16884628.0,16884628.0,16884628.0,16884628.0,16884628.0,16884628.0,16884628.0,16884628.0,16884628.0,16884628.0,16884628.0,16884628.0,16884628.0,16884628.0,16884628.0,16884628.0,16884628.0,16884628.0,16884628.0,16884628.0,16884628.0,16884628.0,16884628.0,16884628.0,16884628.0,16884628.0,16884628.0,16884628.0,16884628.0,16884628.0,16884628.0,16884628.0,16884628.0,16884628.0,16884628.0,16884628.0,16884628.0,16884628.0,16884628.0,16884628.0,16884628.0,16884628.0,16884628.0,16884628.0,16884628.0,16884628.0,16884628.0,16884628.0,16884628.0,16884628.0,16884628.0
Memory usage (per socket),137344217088.0,188991340544.0,189384089600.0,192388763648.0,195446128640.0,198469931008.0,201581158400.0,201580670976.0,201581547520.0,201584599040.0,201582960640.0,201585426432.0,201585864704.0,201583955968.0,201584021504.0,201592778752.0,201587331072.0,201588994048.0,201595904000.0,201590321152.0,201592020992.0,201591091200.0,201591595008.0,201590673408.0,201592729600.0,201592868864.0,201592422400.0,201593274368.0,201593413632.0,201594077184.0,201594523648.0,201595715584.0,201595953152.0,201595596800.0,201595957248.0,201596891136.0,201597657088.0,201598984192.0,201599860736.0,201601540096.0,201602543616.0,201603170304.0,201603522560.0,201603899392.0,201603997696.0,201604427776.0,201605148672.0,201606168576.0,201607454720.0,201608638464.0,201608802304.0,201609932800.0,201611558912.0,201612185600.0,201611923456.0,201612357632.0,201609662464.0,201610223616.0,201610813440.0,201611202560.0,201611735040.0,201612128256.0,201612632064.0,201612996608.0,201613250560.0,201613647872.0,201613651968.0,201614213120.0,201613869056.0,201614622720.0,201614946304.0,201614929920.0,201614680064.0,201614942208.0,201615458304.0,201615757312.0,201616113664.0,201616490496.0,201616830464.0,201617195008.0,201618022400.0,201618350080.0,201618718720.0,201619066880.0,201619357696.0,201620062208.0,201621037056.0,201621983232.0,201622933504.0,201624109056.0,201625071616.0,201627279360.0,201628426240.0,201629237248.0,201628839936.0,201629802496.0,201631203328.0,201631879168.0,201632632832.0,201633472512.0,201634586624.0,201635741696.0,201636585472.0,201637613568.0,201638821888.0,201639858176.0,201640939520.0,201641402368.0,201642205184.0,201643233280.0,201643728896.0,201644072960.0,201644433408.0,201644085248.0,201644216320.0,201644158976.0,201645121536.0,201645891584.0,201646710784.0,201650278400.0,201649967104.0,201650929664.0,201707794432.0,201707245568.0,201708843008.0,201653956608.0,201654624256.0,201708957696.0,201655390208.0,201655685120.0,201655865344.0,201656221696.0,201657544704.0,201657991168.0,201658249216.0,201658769408.0,201659068416.0,201659699200.0,201660243968.0,201661808640.0,201662349312.0,201663758336.0,201665171456.0,201665425408.0,201666584576.0,201667170304.0,201667563520.0,201667776512.0,201670119424.0,201670283264.0,201669971968.0,201671385088.0,201670946816.0,201671393280.0,201671389184.0,201670995968.0,201671180288.0,201672396800.0,201671200768.0,201672093696.0,201672908800.0,201671569408.0,201671917568.0,201671917568.0,201672200192.0,201672237056.0,201672171520.0,201673031680.0,201672773632.0,201672622080.0,201672962048.0,201673105408.0,201673052160.0,201673375744.0,201674219520.0,201674010624.0,201673478144.0,201673879552.0,201673904128.0,201674186752.0,201674272768.0,201674907648.0,201674571776.0,201675157504.0,201674964992.0,201675124736.0,201675399168.0,201675137024.0,201675309056.0,201675702272.0,201675714560.0,201675739136.0,201676021760.0,201676505088.0,201676234752.0,201676660736.0,201677123584.0,201677942784.0,201678139392.0,201678753792.0,201679126528.0,201680101376.0,201680969728.0,201681043456.0,201679958016.0,201679286272.0,201682321408.0,201679790080.0,201680855040.0,201681498112.0,201682186240.0,201682845696.0,201682427904.0,201684488192.0,201684119552.0,201685295104.0,201684336640.0,201684992000.0,201685983232.0,201686372352.0,201686044672.0,201686650880.0,201687576576.0,201687486464.0,201688072192.0,201688805376.0,201689710592.0,201689534464.0,201690488832.0,201690619904.0,201691918336.0,201692418048.0,201692844032.0,201692921856.0,201694859264.0,201695232000.0,201695105024.0,201695223808.0,201695727616.0,201696714752.0,201697054720.0,201697677312.0,201698017280.0,201698611200.0,201699532800.0,201700007936.0,201700536320.0,201700184064.0,201700790272.0,201701355520.0,201702064128.0,201702727680.0,201704316928.0,201704873984.0,201704833024.0,201705218048.0,201705205760.0,201705500672.0,201704366080.0,201704525824.0,201704992768.0,201705447424.0,201705672704.0,201705848832.0,201707417600.0,201707646976.0,201707794432.0,201707245568.0,201708843008.0,201707917312.0,201708290048.0,201708957696.0,201709293568.0,201709748224.0,201710092288.0,201710084096.0,201710403584.0,201710911488.0,201711091712.0,201711501312.0,201712156672.0,201712406528.0,201712648192.0,201712676864.0,201712492544.0,201712549888.0,201712537600.0,201712701440.0,201712660480.0,138185351168.0
NUMA statistics (per socket),0.0,320682.0,624866.0,742830.0,827310.0,877626.0,1569948.0,1606544.0,1646446.0,1694390.0,1758362.0,1863196.0,1944508.0,1995880.0,2060704.0,2110938.0,2171332.0,2236328.0,2279786.0,2351498.0,2455882.0,2502662.0,2568360.0,2620932.0,2672842.0,2716796.0,2763604.0,2804652.0,2843922.0,2885858.0,2925372.0,2965234.0,3039126.0,3088402.0,3150168.0,3227142.0,3268512.0,3323572.0,3384220.0,3454342.0,3572470.0,3664312.0,3707708.0,3760308.0,3858000.0,3937236.0,3987642.0,4041986.0,4084396.0,4169500.0,4250732.0,4296240.0,4336464.0,4402530.0,4444450.0,4485036.0,4542787.0,4614487.0,4657073.0,4702867.0,4741533.0,4782443.0,4846529.0,4888807.0,4928715.0,4970119.0,5021179.0,5081731.0,5135331.0,5229171.0,5284445.0,5329767.0,5368191.0,5410091.0,5468013.0,5507707.0,5548617.0,5588497.0,5627965.0,5667767.0,5730139.0,5770123.0,5808395.0,5847623.0,5886403.0,5928497.0,5966383.0,6009935.0,6050183.0,6102747.0,6143625.0,6182581.0,6227205.0,6268513.0,6310591.0,6350289.0,6405535.0,6469085.0,6517825.0,6557085.0,6608987.0,6666369.0,6724845.0,6773441.0,6830331.0,6906709.0,7023043.0,7072079.0,7128031.0,7193859.0,7313955.0,7380197.0,7465691.0,7513073.0,7564791.0,7610445.0,7676063.0,7732717.0,7798175.0,7893137.0,7952847.0,7996457.0,17117805.0,17187551.0,17235739.0,8392671.0,8462505.0,17371257.0,8548559.0,8607723.0,8647933.0,8691719.0,8759427.0,8806461.0,8852701.0,8922163.0,8961099.0,9006915.0,9052831.0,9110613.0,9143985.0,9189007.0,9272321.0,9314039.0,9386861.0,9509251.0,9635351.0,9687935.0,9775877.0,9907535.0,9964233.0,10030137.0,10106741.0,10259383.0,10324331.0,10405273.0,10470011.0,10556393.0,10609989.0,10680923.0,10744267.0,10841135.0,10911645.0,10956933.0,11019241.0,11082171.0,11134591.0,11184923.0,11235655.0,11282753.0,11363173.0,11443001.0,11497389.0,11572343.0,11659463.0,11721417.0,11781525.0,11914821.0,11962151.0,12060139.0,12122895.0,12171027.0,12243179.0,12370121.0,12445953.0,12513973.0,12560883.0,12604261.0,12645953.0,12713375.0,12757343.0,12802515.0,12845175.0,12886863.0,12927507.0,12982029.0,13022043.0,13064043.0,13109017.0,13146433.0,13194213.0,13311635.0,13397599.0,13439637.0,13503503.0,13555517.0,13615751.0,13679101.0,13719205.0,13760131.0,13798733.0,13836113.0,13878077.0,13929735.0,13967533.0,14007291.0,14057509.0,14130373.0,14186521.0,14247523.0,14300353.0,14347281.0,14404319.0,14465341.0,14536937.0,14586809.0,14640231.0,14706867.0,14750243.0,14805723.0,14864601.0,14998877.0,15085691.0,15153903.0,15215895.0,15337799.0,15402707.0,15489847.0,15573283.0,15643819.0,15687745.0,15750281.0,15803865.0,15877727.0,15929947.0,15980565.0,16039327.0,16085303.0,16132541.0,16226631.0,16275877.0,16334433.0,16387459.0,16494609.0,16537589.0,16584505.0,16626493.0,16672621.0,16717285.0,16760759.0,16813303.0,16883871.0,16924801.0,16970297.0,17023287.0,17071421.0,17117805.0,17187551.0,17235739.0,17283625.0,17327563.0,17371257.0,17414813.0,17461839.0,17501601.0,17543291.0,17585251.0,17630395.0,17677151.0,17724209.0,17766589.0,17828263.0,17917867.0,17983681.0,18032899.0,18076511.0,18160919.0,18232945.0,18298219.0,18366455.0
Running average power limit,0.0,24600629.0,49219218.0,73871543.0,98770828.0,123822464.0,148870361.0,173712885.0,4231537429.0,4256605386.0,4281501120.0,4305961915.0,4330701987.0,4355667792.0,4380535314.0,8438108548.0,8463033467.0,8488017311.0,8512993938.0,8537601767.0,8562152255.0,8586984288.0,8611712379.0,8636697281.0,8661595122.0,8686652715.0,8711503275.0,8736560941.0,8761591717.0,8786684368.0,8811593056.0,8836619616.0,8861431892.0,12919247634.0,16976846475.0,17001479025.0,17026437312.0,17051476701.0,17076303695.0,17101209595.0,17125887426.0,17150778442.0,17175691371.0,17200666553.0,17225588493.0,17250250403.0,17275124562.0,17300093607.0,17325106959.0,17349762868.0,17374649732.0,21432457482.0,21457467262.0,21482165624.0,21507191816.0,21532218288.0,21557274019.0,21582011694.0,21607090090.0,25664986768.0,25690068158.0,25714971939.0,25740089408.0,25765158030.0,25790233974.0,25815213801.0,25840238516.0,25865161836.0,29922903374.0,29947563119.0,29972505525.0,29997557242.0,30022511965.0,30047573723.0,30072614035.0,30097634714.0,30122493747.0,30147470485.0,30172475438.0,30197518902.0,30222542033.0,30247591319.0,30272630719.0,30297625444.0,30322607443.0,34380607040.0,38438543514.0,38463577780.0,38488476678.0,38513549413.0,38538529436.0,38563519741.0,38588350124.0,38613328146.0,38638409107.0,38663334882.0,38688163213.0,38712940087.0,38737929429.0,38762803781.0,38787755766.0,38812491296.0,38837309830.0,38862172051.0,42919820076.0,42944481476.0,42968804984.0,42993592043.0,43018484369.0,43043266258.0,47100944524.0,47125608986.0,47150271865.0,47175210216.0,47200015908.0,47224982744.0,47249771910.0,47274715169.0,47299422459.0,47324282656.0,47349238654.0,47374253030.0,111451639958.0,111476673173.0,111501721739.0,51485359326.0,51510215037.0,111576634191.0,51560320765.0,51585313496.0,51610360089.0,51635375569.0,51660490025.0,51685538134.0,51710573972.0,51735591552.0,51760696868.0,55818558363.0,55843615884.0,55868526689.0,55893614492.0,59951487009.0,59976052296.0,60000891658.0,60025522335.0,60049845422.0,60073904050.0,60098718920.0,60123239834.0,60148042173.0,60172851366.0,60197607086.0,60222350979.0,60246903917.0,60271586527.0,60296271025.0,60321093631.0,60345696519.0,60370506477.0,64428274116.0,64453094781.0,64477552277.0,68534984586.0,68559982629.0,68584950410.0,68609702786.0,68634630264.0,68659710752.0,68684757261.0,68709618740.0,68734373336.0,68759378997.0,68784333168.0,68809084948.0,68833812710.0,68858702519.0,68883656035.0,72941152622.0,72966198667.0,72990890009.0,73015780189.0,73040734291.0,73065546933.0,73090435295.0,73115150662.0,73139974309.0,73164943841.0,73190010512.0,77247824227.0,77272680075.0,77297667515.0,77322741541.0,77347669645.0,77372573836.0,77397603602.0,81455438611.0,81480503304.0,81505508388.0,81530394456.0,81555421623.0,81580465590.0,81605419142.0,81629864758.0,81654843972.0,81679713061.0,81704758902.0,81729494900.0,81754478817.0,81779504954.0,81804506235.0,81829474477.0,81854418117.0,81879384363.0,89969881469.0,89994910988.0,90019808082.0,90044624669.0,90069239741.0,90094152702.0,90119038183.0,90143790429.0,90168512962.0,90193358825.0,90218224688.0,90242889558.0,90267623993.0,90292516939.0,90317351467.0,90342275291.0,90367186223.0,90392074284.0,94449813026.0,94474710279.0,94499789955.0,94524818553.0,94549614079.0,94574422285.0,94599373141.0,94624252776.0,98681974132.0,98706746329.0,98731711626.0,98756721508.0,98781676866.0,98806501734.0,98831286754.0,98856128802.0,98880814029.0,98905649845.0,102963211670.0,102988055869.0,103012872801.0,103037733086.0,103062495555.0,103087411944.0,103112172634.0,103137169194.0,103162156860.0,103187107297.0,103211981177.0,103237050787.0,103262032512.0,103287032880.0,103311851746.0,103336859773.0,107394742144.0,111451639958.0,111476673173.0,111501721739.0,111526772756.0,111551618007.0,111576634191.0,111601693409.0,111626691155.0,111651647617.0,111676673581.0,111701675894.0,111726686176.0,111751515531.0,111776620655.0,111801614775.0,111826564119.0,111851256344.0,111876070440.0,115933945198.0,115958877977.0,115983818991.0,116008590084.0,116033501744.0,116053924456.0
Ram-backed filesystem usage (per mount),1.0,1.0,1.0,1.0,1.0,1.0,1.0,1.0,1.0,1.0,1.0,1.0,1.0,1.0,1.0,1.0,1.0,1.0,1.0,1.0,1.0,1.0,1.0,1.0,1.0,1.0,1.0,1.0,1.0,1.0,1.0,1.0,1.0,1.0,1.0,1.0,1.0,1.0,1.0,1.0,1.0,1.0,1.0,1.0,1.0,1.0,1.0,1.0,1.0,1.0,1.0,1.0,1.0,1.0,1.0,1.0,1.0,1.0,1.0,1.0,1.0,1.0,1.0,1.0,1.0,1.0,1.0,1.0,1.0,1.0,1.0,1.0,1.0,1.0,1.0,1.0,1.0,1.0,1.0,1.0,1.0,1.0,1.0,1.0,1.0,1.0,1.0,1.0,1.0,1.0,1.0,1.0,1.0,1.0,1.0,1.0,1.0,1.0,1.0,1.0,1.0,1.0,1.0,1.0,1.0,1.0,1.0,1.0,1.0,1.0,1.0,1.0,1.0,1.0,1.0,1.0,1.0,1.0,1.0,1.0,1.0,1.0,1.0,1.0,1.0,1.0,1.0,1.0,1.0,1.0,1.0,1.0,1.0,1.0,1.0,1.0,1.0,1.0,1.0,1.0,1.0,1.0,1.0,1.0,1.0,1.0,1.0,1.0,1.0,1.0,1.0,1.0,1.0,1.0,1.0,1.0,1.0,1.0,1.0,1.0,1.0,1.0,1.0,1.0,1.0,1.0,1.0,1.0,1.0,1.0,1.0,1.0,1.0,1.0,1.0,1.0,1.0,1.0,1.0,1.0,1.0,1.0,1.0,1.0,1.0,1.0,1.0,1.0,1.0,1.0,1.0,1.0,1.0,1.0,1.0,1.0,1.0,1.0,1.0,1.0,1.0,1.0,1.0,1.0,1.0,1.0,1.0,1.0,1.0,1.0,1.0,1.0,1.0,1.0,1.0,1.0,1.0,1.0,1.0,1.0,1.0,1.0,1.0,1.0,1.0,1.0,1.0,1.0,1.0,1.0,1.0,1.0,1.0,1.0,1.0,1.0,1.0,1.0,1.0,1.0,1.0,1.0,1.0,1.0,1.0,1.0,1.0,1.0,1.0,1.0,1.0,1.0,1.0,1.0,1.0,1.0,1.0,1.0,1.0,1.0,1.0,1.0,1.0,1.0,1.0,1.0,1.0,1.0,1.0,1.0,1.0,1.0,1.0,1.0,1.0,1.0,1.0,1.0,1.0,1.0,1.0,1.0,1.0,1.0,1.0,1.0,1.0,1.0,1.0,1.0
Infiniband usage (ext),1.0,198026673.0,202307079.0,206593403.0,210889727.0,215177077.0,219405815.0,223697043.0,228014623.0,232327841.0,236578967.0,240879803.0,245138689.0,249422083.0,253668451.0,257957271.0,262224391.0,266512049.0,270755105.0,274987685.0,279283919.0,283516265.0,287750329.0,292059505.0,296349555.0,300613543.0,304816563.0,309092959.0,313335567.0,317577923.0,321826263.0,326109357.0,330365085.0,334579143.0,338802087.0,343065383.0,347354105.0,351786091.0,356206777.0,360502505.0,364975787.0,369551099.0,373760897.0,377948105.0,382122353.0,386346337.0,390580625.0,394722133.0,398836439.0,402944743.0,407081411.0,411240127.0,415429391.0,419602895.0,423759041.0,427910911.0,432012211.0,436188115.0,440308761.0,444468687.0,448645867.0,452800887.0,456885735.0,461031157.0,465154711.0,469272259.0,473407495.0,477512155.0,481669693.0,485824287.0,489969219.0,494101143.0,498225567.0,502347415.0,506490511.0,510657925.0,514766963.0,518879083.0,523039633.0,527140413.0,531328587.0,535484543.0,539628669.0,543759135.0,547932989.0,552089969.0,556233585.0,560374387.0,564558373.0,568719311.0,572872667.0,576983859.0,581123141.0,585212053.0,589364879.0,593507459.0,597676859.0,601836371.0,605984529.0,610270653.0,614528969.0,618784763.0,623099267.0,627391037.0,631685681.0,635960703.0,640223469.0,644495437.0,648745239.0,653025815.0,657346941.0,661624889.0,665892523.0,670117111.0,674356049.0,678622481.0,682941049.0,687214475.0,691488085.0,695763571.0,700037059.0,704395367.0,1313371150.0,1317529148.0,1321679944.0,717937110.0,722207720.0,1334288026.0,730723666.0,734968244.0,739232952.0,743501838.0,747794908.0,752015000.0,756256630.0,760501908.0,764747452.0,768972412.0,773191430.0,777410930.0,781669562.0,785952742.0,790214814.0,794481504.0,798737120.0,802976134.0,807260084.0,811553350.0,815832514.0,820579586.0,824839448.0,829061534.0,833280312.0,837480094.0,841723164.0,845921904.0,850131860.0,854381984.0,858638762.0,862859586.0,867099162.0,871349952.0,875588648.0,879821232.0,884087666.0,888309332.0,892503748.0,896760162.0,901003288.0,905242212.0,909453362.0,913716484.0,917944212.0,922149686.0,926389192.0,930621672.0,934822984.0,939007974.0,943204000.0,947385348.0,951592238.0,955799886.0,959977952.0,964135240.0,968268308.0,972407126.0,976537094.0,980665292.0,984781950.0,988911978.0,993036760.0,997200626.0,1001245836.0,1005454748.0,1009625490.0,1013778596.0,1017950878.0,1022135330.0,1026294968.0,1030433830.0,1034637336.0,1038825130.0,1043032392.0,1047264786.0,1051461430.0,1055705354.0,1059842028.0,1064037250.0,1068245610.0,1072467472.0,1076642632.0,1080883352.0,1085079578.0,1089244556.0,1093434968.0,1097618644.0,1101834414.0,1106056994.0,1110209048.0,1114349792.0,1118542708.0,1122714276.0,1126912552.0,1131118722.0,1135281686.0,1139497472.0,1143724866.0,1147923298.0,1152213234.0,1156413206.0,1160590576.0,1164766758.0,1169356766.0,1173593028.0,1177835332.0,1182050912.0,1186183538.0,1190392214.0,1194564540.0,1198797486.0,1202993798.0,1207137864.0,1211296202.0,1215476736.0,1219628466.0,1223734732.0,1227884438.0,1231920254.0,1236073592.0,1240212122.0,1244338934.0,1248503798.0,1252697284.0,1256883136.0,1261018500.0,1267897732.0,1271990488.0,1276139506.0,1280304888.0,1284416104.0,1288726306.0,1292886974.0,1297021982.0,1301130450.0,1305291210.0,1309397370.0,1313371150.0,1317529148.0,1321679944.0,1325855288.0,1330098400.0,1334288026.0,1338460986.0,1342594732.0,1346749366.0,1350803226.0,1355000138.0,1359190434.0,1363368160.0,1367572022.0,1371756402.0,1375882546.0,1380094238.0,1384233938.0,1388448150.0,1392620566.0,1396830044.0,1401051650.0,1405192440.0,1408644510.0
SysV shared memory segment usage,0.0,0.0,0.0,0.0,0.0,0.0,0.0,0.0,0.0,0.0,0.0,0.0,0.0,0.0,0.0,0.0,0.0,0.0,0.0,0.0,0.0,0.0,0.0,0.0,0.0,0.0,0.0,0.0,0.0,0.0,0.0,0.0,0.0,0.0,0.0,0.0,0.0,0.0,0.0,0.0,0.0,0.0,0.0,0.0,0.0,0.0,0.0,0.0,0.0,0.0,0.0,0.0,0.0,0.0,0.0,0.0,0.0,0.0,0.0,0.0,0.0,0.0,0.0,0.0,0.0,0.0,0.0,0.0,0.0,0.0,0.0,0.0,0.0,0.0,0.0,0.0,0.0,0.0,0.0,0.0,0.0,0.0,0.0,0.0,0.0,0.0,0.0,0.0,0.0,0.0,0.0,0.0,0.0,0.0,0.0,0.0,0.0,0.0,0.0,0.0,0.0,0.0,0.0,0.0,0.0,0.0,0.0,0.0,0.0,0.0,0.0,0.0,0.0,0.0,0.0,0.0,0.0,0.0,0.0,0.0,0.0,0.0,0.0,0.0,0.0,0.0,0.0,0.0,0.0,0.0,0.0,0.0,0.0,0.0,0.0,0.0,0.0,0.0,0.0,0.0,0.0,0.0,0.0,0.0,0.0,0.0,0.0,0.0,0.0,0.0,0.0,0.0,0.0,0.0,0.0,0.0,0.0,0.0,0.0,0.0,0.0,0.0,0.0,0.0,0.0,0.0,0.0,0.0,0.0,0.0,0.0,0.0,0.0,0.0,0.0,0.0,0.0,0.0,0.0,0.0,0.0,0.0,0.0,0.0,0.0,0.0,0.0,0.0,0.0,0.0,0.0,0.0,0.0,0.0,0.0,0.0,0.0,0.0,0.0,0.0,0.0,0.0,0.0,0.0,0.0,0.0,0.0,0.0,0.0,0.0,0.0,0.0,0.0,0.0,0.0,0.0,0.0,0.0,0.0,0.0,0.0,0.0,0.0,0.0,0.0,0.0,0.0,0.0,0.0,0.0,0.0,0.0,0.0,0.0,0.0,0.0,0.0,0.0,0.0,0.0,0.0,0.0,0.0,0.0,0.0,0.0,0.0,0.0,0.0,0.0,0.0,0.0,0.0,0.0,0.0,0.0,0.0,0.0,0.0,0.0,0.0,0.0,0.0,0.0,0.0,0.0,0.0,0.0,0.0,0.0,0.0,0.0,0.0,0.0,0.0,0.0,0.0,0.0,0.0,0.0,0.0,0.0,0.0,0.0,0.0,0.0,0.0,0.0,0.0,0.0
NFS system usage,0.0,0.0,0.0,0.0,0.0,0.0,0.0,0.0,0.0,0.0,0.0,0.0,0.0,0.0,0.0,0.0,0.0,0.0,0.0,0.0,0.0,0.0,0.0,0.0,0.0,0.0,0.0,0.0,0.0,0.0,0.0,0.0,0.0,0.0,0.0,0.0,0.0,0.0,0.0,0.0,0.0,0.0,0.0,0.0,0.0,0.0,0.0,0.0,0.0,0.0,0.0,0.0,0.0,0.0,0.0,0.0,0.0,0.0,0.0,0.0,0.0,0.0,0.0,0.0,0.0,0.0,0.0,0.0,0.0,0.0,0.0,0.0,0.0,0.0,0.0,0.0,0.0,0.0,0.0,0.0,0.0,0.0,0.0,0.0,0.0,0.0,0.0,0.0,0.0,0.0,0.0,0.0,0.0,0.0,0.0,0.0,0.0,0.0,0.0,0.0,0.0,0.0,0.0,0.0,0.0,0.0,0.0,0.0,0.0,0.0,0.0,0.0,0.0,0.0,0.0,0.0,0.0,0.0,0.0,0.0,0.0,0.0,0.0,0.0,0.0,0.0,0.0,0.0,0.0,0.0,0.0,0.0,0.0,0.0,0.0,0.0,0.0,0.0,0.0,0.0,0.0,0.0,0.0,0.0,0.0,0.0,0.0,0.0,0.0,0.0,0.0,0.0,0.0,0.0,0.0,0.0,0.0,0.0,0.0,0.0,0.0,0.0,0.0,0.0,0.0,0.0,0.0,0.0,0.0,0.0,0.0,0.0,0.0,0.0,0.0,0.0,0.0,0.0,0.0,0.0,0.0,0.0,0.0,0.0,0.0,0.0,0.0,0.0,0.0,0.0,0.0,0.0,0.0,0.0,0.0,0.0,0.0,0.0,0.0,0.0,0.0,0.0,0.0,0.0,0.0,0.0,0.0,0.0,0.0,0.0,0.0,0.0,0.0,0.0,0.0,0.0,0.0,0.0,0.0,0.0,0.0,0.0,0.0,0.0,0.0,0.0,0.0,0.0,0.0,0.0,0.0,0.0,0.0,0.0,0.0,0.0,0.0,0.0,0.0,0.0,0.0,0.0,0.0,0.0,0.0,0.0,0.0,0.0,0.0,0.0,0.0,0.0,0.0,0.0,0.0,0.0,0.0,0.0,0.0,0.0,0.0,0.0,0.0,0.0,0.0,0.0,0.0,0.0,0.0,0.0,0.0,0.0,0.0,0.0,0.0,0.0,0.0,0.0,0.0,0.0,0.0,0.0,0.0,0.0,0.0,0.0,0.0,0.0,0.0,1636687.0
Dentry/file/inode cache usage,19558.0,21433.0,23535.0,23439.0,23253.0,23445.0,23401.0,24568.0,24664.0,35107.0,34931.0,35061.0,35007.0,34835.0,34980.0,34960.0,34980.0,34932.0,35104.0,34884.0,34888.0,34884.0,34836.0,34932.0,34981.0,34837.0,34837.0,34885.0,34981.0,34841.0,34933.0,34933.0,34933.0,35029.0,35031.0,34931.0,35037.0,34904.0,34953.0,34856.0,34856.0,34864.0,35056.0,35108.0,35055.0,35007.0,35056.0,35104.0,35152.0,34959.0,35151.0,34912.0,35058.0,34960.0,35007.0,35061.0,35065.0,35070.0,75079.0,75030.0,75030.0,75030.0,74932.0,74932.0,75075.0,74931.0,74983.0,74932.0,74980.0,74931.0,75027.0,75027.0,75028.0,75172.0,74979.0,74935.0,74931.0,74980.0,74980.0,75027.0,74975.0,75068.0,75069.0,75021.0,75020.0,74973.0,75021.0,75022.0,75070.0,75073.0,75069.0,75021.0,74974.0,75022.0,75021.0,75069.0,75022.0,74977.0,74981.0,74931.0,74979.0,74883.0,75066.0,75032.0,75042.0,75094.0,75041.0,74993.0,75022.0,74950.0,74992.0,75058.0,75158.0,75010.0,75106.0,75241.0,75193.0,75241.0,75193.0,75337.0,75337.0,75389.0,74308.0,74364.0,74460.0,75372.0,75576.0,74468.0,75401.0,75440.0,75488.0,75384.0,75488.0,75536.0,75384.0,75441.0,75446.0,75435.0,75405.0,75956.0,75991.0,75840.0,75888.0,75832.0,75888.0,75748.0,75784.0,75840.0,75792.0,75204.0,75382.0,75427.0,75322.0,75389.0,75486.0,75622.0,75437.0,75389.0,75285.0,75586.0,75533.0,75429.0,75515.0,75467.0,75290.0,75347.0,75491.0,75242.0,75350.0,75442.0,75434.0,75298.0,75394.0,75390.0,75395.0,75309.0,75349.0,75412.0,75473.0,75320.0,75473.0,75425.0,75373.0,75281.0,75329.0,75273.0,75531.0,75483.0,75379.0,75484.0,75436.0,75433.0,75388.0,75341.0,75340.0,75348.0,75444.0,75484.0,75540.0,75450.0,75351.0,75600.0,75407.0,75409.0,75670.0,75574.0,75468.0,75527.0,75719.0,75467.0,75455.0,75455.0,75526.0,75723.0,75651.0,75495.0,75654.0,75558.0,75454.0,75606.0,75558.0,75598.0,75702.0,75754.0,75599.0,75703.0,75665.0,75609.0,75665.0,75665.0,75561.0,75473.0,75425.0,75397.0,75549.0,75597.0,75541.0,75819.0,75766.0,75584.0,75583.0,75488.0,75417.0,75569.0,75521.0,75465.0,74893.0,74841.0,74737.0,74841.0,74794.0,74694.0,74390.0,74390.0,74238.0,74390.0,74390.0,74334.0,74294.0,74198.0,74242.0,74438.0,74342.0,74382.0,74390.0,74342.0,74308.0,74364.0,74460.0,74360.0,74413.0,74468.0,74414.0,74423.0,74475.0,74367.0,74422.0,74422.0,74510.0,74470.0,74477.0,74366.0,75998.0,76050.0,75852.0,75908.0,75763.0,75659.0,75811.0,75716.0
Scheduler accounting (per CPU),0.0,60016.0,120012.0,180001.0,239995.0,299999.0,359997.0,419999.0,480000.0,539997.0,600002.0,660009.0,720019.0,780022.0,840010.0,900036.0,960035.0,1020022.0,1080026.0,1140012.0,1200003.0,1259999.0,1320011.0,1380027.0,1440038.0,1500038.0,1560038.0,1620037.0,1680027.0,1740021.0,1800013.0,1860023.0,1920030.0,1980035.0,2040043.0,2100061.0,2160062.0,2220061.0,2280068.0,2340086.0,2400092.0,2460104.0,2520098.0,2580095.0,2640107.0,2700118.0,2760108.0,2820092.0,2880079.0,2940092.0,3000093.0,3060094.0,3120102.0,3180105.0,3240115.0,3300115.0,3360101.0,3420086.0,3480082.0,3540076.0,3600088.0,3660089.0,3720091.0,3780079.0,3840065.0,3900052.0,3960039.0,4020030.0,4080018.0,4140003.0,4199991.0,4259979.0,4319963.0,4379950.0,4439946.0,4499940.0,4559939.0,4619930.0,4679930.0,4739920.0,4799922.0,4859928.0,4919921.0,4979932.0,5039925.0,5099909.0,5159988.0,5219995.0,5279977.0,5339965.0,5399961.0,5459972.0,5519984.0,5579995.0,5640003.0,5700009.0,5760024.0,5820036.0,5880048.0,5940058.0,6000073.0,6060082.0,6120086.0,6180098.0,6240102.0,6300090.0,6360076.0,6420066.0,6480054.0,6540043.0,6600033.0,6660022.0,6720011.0,6779996.0,6839983.0,6899965.0,6959953.0,7019939.0,7079930.0,7139913.0,7199895.0,7259884.0,15908233.0,15968228.0,16028221.0,7449552.0,7509564.0,16208199.0,7629972.0,7689968.0,7749981.0,7809993.0,7870006.0,7930046.0,7990112.0,8050117.0,8110118.0,8170129.0,8230140.0,8290149.0,8350146.0,8410139.0,8470127.0,8530141.0,8590145.0,8650161.0,8710173.0,8770172.0,8830166.0,8890164.0,8950153.0,9010163.0,9070176.0,9130186.0,9190208.0,9250225.0,9310248.0,9370261.0,9430308.0,9490327.0,9550311.0,9610292.0,9670272.0,9730249.0,9790228.0,9850204.0,9910218.0,9970653.0,10030640.0,10090627.0,10150604.0,10210621.0,10270604.0,10330585.0,10390585.0,10450588.0,10510599.0,10570606.0,10630592.0,10690567.0,10750570.0,10810571.0,10870582.0,10930598.0,10990613.0,11050616.0,11110603.0,11170592.0,11230580.0,11290564.0,11350565.0,11410560.0,11470570.0,11530505.0,11590513.0,11650522.0,11710526.0,11770527.0,11830527.0,11890532.0,11950530.0,12010518.0,12070506.0,12130514.0,12190522.0,12250509.0,12310499.0,12370489.0,12430478.0,12490490.0,12550476.0,12610461.0,12670443.0,12730431.0,12790419.0,12850403.0,12910387.0,12970377.0,13030369.0,13090360.0,13150348.0,13210334.0,13270332.0,13330315.0,13390323.0,13450327.0,13510337.0,13570327.0,13630315.0,13690304.0,13750335.0,13810325.0,13870338.0,13930333.0,13990314.0,14050328.0,14110339.0,14170339.0,14230349.0,14290363.0,14350371.0,14410378.0,14470447.0,14530444.0,14590427.0,14650421.0,14710434.0,14770436.0,14830422.0,14890408.0,14950391.0,15010381.0,15070368.0,15130360.0,15190370.0,15250370.0,15310364.0,15370356.0,15430350.0,15490347.0,15550339.0,15610333.0,15670324.0,15730313.0,15790306.0,15850299.0,15908233.0,15968228.0,16028221.0,16088212.0,16148206.0,16208199.0,16268190.0,16328192.0,16388183.0,16448174.0,16508166.0,16568160.0,16628148.0,16688135.0,16748122.0,16808109.0,16868098.0,16928084.0,16988176.0,17048173.0,17108676.0,17168687.0,17228699.0,17277935.0
Block device statistics (per device),0.0,26498946.0,144611993.0,152011734.0,159214731.0,164705141.0,166508050.0,168028237.0,169327156.0,230248636.0,231297657.0,232379459.0,233793065.0,235300866.0,236804610.0,238263291.0,239582634.0,240963465.0,242237742.0,243282668.0,244413609.0,245548615.0,246675438.0,247822751.0,248941396.0,250281335.0,251690877.0,253018456.0,254370607.0,255849806.0,257365846.0,258902398.0,260189001.0,261225726.0,262315688.0,263397424.0,265360024.0,267334950.0,269375467.0,271334012.0,273481063.0,276078788.0,277885741.0,279590221.0,281696242.0,283048397.0,284396443.0,285683103.0,287006571.0,289157827.0,290936115.0,292583269.0,294271412.0,296119318.0,297832052.0,299503776.0,301392733.0,302736725.0,349163226.0,350650632.0,352088917.0,353494414.0,355317812.0,356923992.0,358493301.0,360083111.0,361644245.0,363242239.0,364827929.0,366098161.0,367356167.0,368569099.0,369749244.0,370974447.0,372265204.0,373752553.0,375219433.0,376776478.0,378173680.0,379681557.0,381787668.0,382967784.0,384168387.0,385434526.0,386762103.0,389232992.0,390560594.0,391888189.0,393592678.0,400612022.0,407696946.0,417323408.0,430391295.0,443336336.0,455711759.0,463075103.0,464423156.0,465926945.0,467385616.0,468700884.0,470073550.0,471773947.0,473404716.0,475191237.0,476920334.0,478600263.0,480255608.0,482054369.0,483423002.0,484713805.0,486283154.0,487500154.0,488708966.0,489966965.0,491560812.0,494630058.0,496330524.0,497846575.0,499358542.0,507181122.0,520658819.0,533709964.0,959644155.0,972154285.0,984951112.0,561831803.0,567252813.0,1009917541.0,571366608.0,573312859.0,574828882.0,576398220.0,586379826.0,596336768.0,604081036.0,612566768.0,619577501.0,626625137.0,632349270.0,663992287.0,665438680.0,667343971.0,668896874.0,670605502.0,672125620.0,673473730.0,674924269.0,676391162.0,677772021.0,680496779.0,682246500.0,684131388.0,686003909.0,688159170.0,689929252.0,691662425.0,693264538.0,694432380.0,695690337.0,697308905.0,698439843.0,699681463.0,701099182.0,702652107.0,704336159.0,706036634.0,707544499.0,709244960.0,710888016.0,712191039.0,713457234.0,714928257.0,716063309.0,717349950.0,718640682.0,720226402.0,721873647.0,723750301.0,725233557.0,726917599.0,728700014.0,730535731.0,732006752.0,733776829.0,734969215.0,736530358.0,738075052.0,739873770.0,741643819.0,743753948.0,745503493.0,747273521.0,748949351.0,750842556.0,752243883.0,754005733.0,755263675.0,756566702.0,758017170.0,759746248.0,761610622.0,764126383.0,765896511.0,767568249.0,779443244.0,781049416.0,782540861.0,784040669.0,785278184.0,786552518.0,788146412.0,789912375.0,791838146.0,793493441.0,795107816.0,796861485.0,798635628.0,800061551.0,801483364.0,802843733.0,804204106.0,805625966.0,807166597.0,808748172.0,810624738.0,812362009.0,813902643.0,815672694.0,817532871.0,820306895.0,822355745.0,823937472.0,826260721.0,827612889.0,833194179.0,841049685.0,843245976.0,846598080.0,848134659.0,863378223.0,865017228.0,866631609.0,867873212.0,870094169.0,871139104.0,872261885.0,873466553.0,874749071.0,876392131.0,878563707.0,880149397.0,881743307.0,889808005.0,899671503.0,903158414.0,906747757.0,910042089.0,913832146.0,917720677.0,920019499.0,921781439.0,924039066.0,925591969.0,927300561.0,934287254.0,947363482.0,959644155.0,972154285.0,984951112.0,997829840.0,1008221275.0,1009917541.0,1011634319.0,1013326508.0,1014867146.0,1016633140.0,1018542528.0,1020255255.0,1021804089.0,1023508585.0,1025213097.0,1026893017.0,1044934732.0,1045713340.0,1046569741.0,1047684246.0,1048507907.0,1049548653.0,1050433711.0,1054112334.0
Ring to PCIe Agent for SNB (HSW) (per socket),0.0,41930931956.0,74469647010.0,103789409394.0,128501118656.0,149266652057.0,171219869631.0,188539403731.0,208096478495.0,229082461160.0,255529883362.0,295367044767.0,325588883151.0,345773585384.0,372128119032.0,400524096941.0,428328916155.0,451459431291.0,473402366862.0,504762044533.0,544969063513.0,567640538139.0,592993344871.0,615817307880.0,639973744530.0,662420189241.0,683181392242.0,703044339412.0,722926758758.0,744865377754.0,762547145435.0,782496545013.0,810126716699.0,831072172610.0,857900925863.0,890728375425.0,911686330841.0,933145297875.0,951980073014.0,981378062702.0,1015902665121.0,1042350287417.0,1061430051210.0,1085710377881.0,1107746205248.0,1135763445591.0,1160922275648.0,1183409286299.0,1208805903242.0,1240148711898.0,1266200187953.0,1288752069770.0,1312044470974.0,1336035298730.0,1356769402080.0,1377681422472.0,1399178779654.0,1430664871150.0,1450385861768.0,1469857492025.0,1490339959984.0,1508089075801.0,1530630804710.0,1550560292132.0,1570623325475.0,1589291255048.0,1614585734074.0,1638658118744.0,1659107254787.0,1722000298496.0,1747632138097.0,1772294366824.0,1791013077223.0,1811156335893.0,1831303451778.0,1853471697368.0,1871355155908.0,1891548645228.0,1911823869322.0,1932297595043.0,1953016729757.0,1972815888066.0,1992293565571.0,2013031232152.0,2030794933282.0,2053537722521.0,2073670094101.0,2093945383943.0,2112068124954.0,2134937072510.0,2154848056727.0,2175133749637.0,2193440554921.0,2213588914853.0,2236502444585.0,2254273350465.0,2279897365563.0,2306955790622.0,2331988929547.0,2351621270118.0,2373990007119.0,2403512280464.0,2430822891323.0,2455043286801.0,2481850851210.0,2516421568621.0,2562809192579.0,2581257036245.0,2609803134104.0,2638068539014.0,2665048019197.0,2692305075986.0,2729976732457.0,2753231332157.0,2775969914635.0,2799336455093.0,2829361702554.0,2858401051091.0,2885050508797.0,2914143966496.0,2938326663558.0,2962532154228.0,140737488422132.0,140757737415556.0,140777916699593.0,70485428276791.0,70512133103265.0,140838250080223.0,70554226781624.0,70574270883939.0,70594535701112.0,70615373478595.0,70636561184811.0,70657103456159.0,70677507666112.0,70696335915928.0,70718926553528.0,70739661032828.0,70759624420911.0,70778109618817.0,70798885452784.0,70824063245908.0,70860039699095.0,70879153164051.0,70940748137912.0,71059570070294.0,71188535597236.0,71225812934776.0,71264782225431.0,71295332847485.0,71322476674511.0,71348889420244.0,71382196366395.0,71470641558636.0,71513398963938.0,71589492653384.0,71615503794831.0,71651226924978.0,71672143524357.0,71698680240431.0,71724842004689.0,71766950749834.0,71795977686504.0,71817002088928.0,71846212149427.0,71870883253600.0,71896421981576.0,71922111495326.0,71946326556483.0,71965812381472.0,71998178745242.0,72021401832832.0,72044650585843.0,72074455066605.0,72113203457543.0,72139924265376.0,72163653108499.0,72189795308918.0,72214877346171.0,72249450532290.0,72278401260035.0,72306280884043.0,72342165235946.0,72369687159582.0,72415554356661.0,72444226241255.0,72465349308935.0,72488501596499.0,72509317605874.0,72527501612959.0,72547838756127.0,72571224580343.0,72591242350371.0,72609570745818.0,72631256470105.0,72652384641429.0,72676023657766.0,72697147627109.0,72715319760565.0,72735959302975.0,72761581961177.0,72785759244841.0,72820154190477.0,72843269926662.0,72871976881034.0,72898502604073.0,72923893628828.0,72943623348126.0,72963845289552.0,72985032547620.0,73005884947095.0,73026283364479.0,73046987053944.0,73078013815253.0,73108698156647.0,73131030125591.0,73155121225033.0,73183223517924.0,73208423702052.0,73237319957335.0,73264551086508.0,73288076579642.0,73313248208636.0,73341204015260.0,73376554380238.0,73396858501974.0,73419378482943.0,73445500092165.0,73466557033186.0,73489882438777.0,73511946609230.0,73535594901665.0,73555449340884.0,73581681951954.0,73604563286104.0,73633658108893.0,73656910820679.0,73682643886508.0,73709737861434.0,73733741448478.0,73753340383888.0,73776123107600.0,73802137053525.0,73834186931158.0,73853500952295.0,73876773764174.0,73904908681182.0,73925705103287.0,73953521892654.0,73982244309893.0,74011140306975.0,74036374469515.0,74059708032611.0,74089486668471.0,74109623276169.0,74127839322211.0,74150536785538.0,74170816938627.0,74191214604558.0,74209120535489.0,74231426691946.0,74251072984651.0,74271193048503.0,74289000125096.0,74309828823976.0,74332474017806.0,140737488422132.0,140757737415556.0,140777916699593.0,140800272353766.0,140818187012344.0,140838250080223.0,140858581634932.0,140878944876246.0,140899170164812.0,140918906778801.0,140938418501526.0,140959131741417.0,140976920726349.0,141000031189149.0,141021363440817.0,141046086144810.0,141077945996917.0,141110328416013.0,141130952960197.0,141149037611117.0,141179679343563.0,141209606707998.0,141237854156042.0,141257517105433.0
