Stat,Schema,08:33:48,08:43:49,08:53:49,09:03:49,09:13:49,09:23:49,09:33:49,09:43:49,09:53:49,10:03:50,10:13:50,10:23:50,10:33:50,10:43:50,10:53:50,11:03:50,11:13:50,11:23:50,11:33:50,11:43:50,11:53:50,12:03:51,12:13:51,12:23:51,12:33:51,12:43:51,12:53:04
mdc,ldlm_cancel,0,2230,106104,138,3,0,14,0,3,0,1,11350016,1,0,0,109416,3632,0,0,0,0,0,1143321,0,1251921,0,0
mdc,mds_close,0,58544128,106104,0,0,0,0,363167,0,465053,7638,0,10976,0,0,456,4318,0,54,0,2,0,0,0,0,0,0
mdc,mds_getattr,0,453,0,6,2,0,2,0,53,0,73161,0,69027,0,0,0,105603072,0,0,989756,1048576,0,16957,0,19215,0,0
mdc,mds_getattr_lock,0,513,1216,0,204797,0,504769,9704,0,6756,340,106237952,410,0,0,19,920,14656,0,3,3,0,158907,0,167874,0,0
mdc,mds_getxattr,0,321,1216,0,0,0,185324,46255,6941,67835,0,0,0,0,0,1220,6251,2565077,0,15978,0,0,718,0,772,0,0
mdc,mds_readpage,0,3153920,204,0,2892,0,119788,298,0,311,13,0,448,0,0,1220,5231,0,0,133160,2,0,0,0,0,0,0
mdc,mds_statfs,0,143,96,0,32105,0,0,18,0,0,0,569561,0,0,0,204,41259008,0,0,719,504769,0,13,0,17,0,0
mdc,mds_sync,0,0,848,0,175,0,2288,15,0,3,722,1,0,0,0,96,5580,14669,0,0,628576,0,625500,1194205,3,1302834,0
mdc,reqs,0,392,1828,0,0,0,2284,0,415306,0,519158,8464,0,0,0,26904271,0,478,0,57,628548,0,625476,0,0,0,0
mdc,wait,0,598,64,0,7,0,69884,0,0,0,0,81535,0,75817,0,0,1557,2659431,0,0,1041869,0,12892,17843,2,19994,0
vm,pgpgin,0,0,1048,0,104,256766,96,0,10965,0,7395,379,0,442,0,0,6493,0,0,0,3,0,130780,167103,504769,176117,0
vm,pgpgout,0,6,2290,0,864,0,152,0,52734,0,73073,0,0,0,0,0,0,3632,0,0,16763,0,130780,747,628576,826,0
vm,pswpin,0,0,60551168,0,85716,3811,0,0,335,0,326,14,0,484,0,26894416,0,4318,0,0,140222,0,342072,0,628548,0,0
vm,pswpout,0,0,467,0,548,39167,0,0,19,0,0,2216,623503,504769,0,9855,0,105603072,0,0,738,0,108,14,12892,17,22384
vm,pgalloc_normal,0,0,919,0,0,213,0,0,17,0,4,2216,1,628576,0,625496,0,920,0,1430,0,0,864,0,1248295,0,1352119
vm,pgfree,0,0,588,0,2,0,0,0,0,468569,924,569971,9238,628548,0,625472,0,6583,0,397494,59,0,85716,0,0,0,0
vm,pgactivate,0,0,5521408,0,504769,12,0,0,0,0,0,0,86809,12892,0,12892,0,5492,0,0,764,1093967,552,0,18586,0,20802
vm,pgdeactivate,0,0,173,0,106104,0,309718,0,0,12415,0,8169,385,271972,0,132792,0,43249664,0,1453,0,3,0,0,172252,0,181378
vm,pgfault,0,0,0,0,106104,0,0,0,5774912,57910,84,81440,0,271644,0,132792,0,5631,934739,1680,2,17755,2,0,760,0,842
vm,pgmajfault,0,0,427,153803,0,0,4396,0,0,363,84,368,14,405564,0,342072,0,0,1,1235,504769,147072,504769,0,0,0,0
vm,pgrefill_normal,0,0,642,0,1216,0,45597,0,0,22,0,0,0,674432,0,0,0,1591,13192,402444,1745504,780,628592,0,14,0,18
vm,pgsteal_normal,0,0,24876,1252,1216,0,241,0,0,20,756,4,0,1,0,0,0,6543,131418,2772,1745480,0,628564,0,0,1299155,0
vm,pgscan_kswapd_normal,0,0,756,2683,204,0,0,0,104019848,0,522366,504769,623905,9951,0,0,0,0,3632,0,12892,62,12892,0,2,0,53
vm,pgscan_direct_normal,0,0,0,65605632,96,0,13,0,0,0,72,628576,0,95132,0,0,0,0,4318,168,1531808,0,1146248,0,504769,19362,0
vm,pginodesteal,0,0,2,501,848,0,0,361624,0,0,13711,628548,8954,413,0,0,0,0,105603072,2772,1531504,0,3,0,1745508,180553,22397
vm,slabs_scanned,0,0,524288,1408,1828,0,0,0,0,0,62622,12892,86704,0,0,0,0,0,920,987661,1522500,0,18469,0,1745484,811,0
vm,kswapd_steal,0,0,3,1015,204740,0,0,5282,0,0,419,267900,376,15,0,0,0,0,6913,1,96,0,154003,0,12892,0,0
vm,kswapd_inodesteal,0,0,0,8880128,0,0,0,52762,0,0,26,267532,0,20480,726285,0,851185,0,5757,13968,16240,0,826,0,1531808,21,0
vm,pageoutrun,12892,49116,2,254,2833,0,0,273,0,0,24,405564,9,0,1,0,1,12204608,45285376,137692,24876,0,0,0,1531504,0,1348413
vm,allocstall,136344,0,504769,0,32258,0,0,0,0,0,58197384,573020,0,674879,10847,0,14814,0,5696,558,3208,0,65,0,1522500,0,0
vm,pgrotated,136344,516,625480,496,137,0,0,19,0,0,5562060,72,0,0,102337,0,92692,0,0,0,0,0,0,1197242,100,0,20107
intel_hsw_qpi,TxL_FLITS_G1_SNP,342056,10274,625456,755,0,0,0,0,414065,0,0,15036,0,9654,455,0,0,0,1639,24,2,0,2,3,16240,0,185901
intel_hsw_qpi,TxL_FLITS_G1_HOM,108,84,12892,0,1263,0,0,0,0,0,0,70520,0,94998,0,0,0,104019848,6607,0,1039681,0,1048576,19429,0,0,830
intel_hsw_qpi,G1_DRS_DATA,864,0,128676,0,2710,256723,0,0,5892,0,5562060,465,0,404,15,0,0,0,0,3632,1,0,3,162011,0,0,0
intel_hsw_qpi,G2_NCB_DATA,85716,1,128476,0,65802240,0,0,0,59686,2,0,28,0,0,0,778753,0,906501,0,4318,14662,0,0,858,0,0,21
intel_hsw_cbo,RxR_OCCUPANCY,0,0,99916,0,503,3728,0,0,291,504769,0,25,0,9,0,1,0,1,0,105603072,144948,0,2,0,0,0,0
intel_hsw_cbo,LLC_LOOKUP_DATA_READ,0,0,0,0,1856,39337,0,0,0,625496,0,628592,626729,0,726823,11469,0,15664,0,920,578,0,504769,68,0,0,0
intel_hsw_cbo,20975390,0,0,1383,0,1220,173,0,0,20,625472,0,628564,72,0,0,109211,0,96456,0,7235,0,0,628576,0,1251371,0,0
intel_hsw_cbo,LLC_LOOKUP_WRITE,0,0,18572,0,11169792,0,0,0,0,464921,0,12892,16366,2,10516,484,0,586,0,5936,24,0,628548,0,3,0,18634304
intel_hsw_pcu,MAX_TEMP_CYCLES,0,0,115,0,311,13,0,0,0,0,0,268216,75408,504769,102150,0,0,0,0,46936064,3037033,1091789,12892,0,20235,0,0
intel_hsw_pcu,MAX_POWER_CYCLES,0,0,0,0,0,0,309620,0,0,6850,0,267852,477,52124,441,15,0,639,0,5775,18252110,1,270288,0,167038,0,0
intel_hsw_pcu,MIN_IO_CYCLES,0,0,1,0,533,0,0,0,0,67830,0,405580,30,52124,0,0,0,0,957480,0,3436911,15507,269952,0,877,0,0
intel_hsw_pcu,MIN_SNOOP_CYCLES,269228,49115,504769,153916,813,0,4332,0,0,319,0,96,27,0,10,0,1,0,1,1691,18242363,151959,405564,0,0,0,104019848
intel_hsw_pcu,C3_CYCLES,268864,0,1745504,0,628592,1276,45801,0,0,0,0,16248,0,677511,0,779313,12411,0,16653,6686,0,607,96,0,69,0,0
intel_hsw_pcu,C6_CYCLES,405580,531,1745480,2126,628564,2741,198,0,0,27,0,24876,0,72,0,0,117784,0,104414,0,3632,0,16248,0,0,1302335,0
osc,read_bytes,96,10268,12892,23799,12892,66695168,0,0,0,524,519017,756,0,17644,0,11122,538,0,610,0,4318,25,24876,0,0,3,0
osc,write_bytes,16248,80,1533848,143,268736,507,17,0,0,0,0,0,0,83225,0,109019,0,0,0,0,105603072,0,1143995,0,0,21045,0
osc,ost_destroy,24876,0,1533544,0,268372,2436,478,361533,0,2,7506,2,0,518,0,472,15,0,675,0,920,0,1,0,0,175183,0
osc,ost_punch,752,0,1522500,2,405580,1469,924909,0,0,504769,73053,131072,0,33,0,0,0,0,0,1012658,7609,0,16160,0,0,937,0
osc,ost_read,0,0,99884,0,204878,14114816,0,5177,0,185324,336,3,0,30,0,10,0,0,1220,1,6206,0,159054,0,0,0,0
osc,ost_setattr,2,0,0,0,0,371,0,53003,0,119788,0,0,0,0,729107,0,829742,0,1220,17636,49172480,0,646,0,0,73,0
osc,ost_statfs,262144,0,1419,0,2856,0,53,230,0,0,29,2,0,2,72,0,0,0,204,108178,5831,0,0,0,0,0,1351623
osc,ost_write,3,0,18567,0,32060,583,0,0,0,2288,0,569785,0,504769,19198,12976,12092,0,96,634,0,0,26,0,0,0,3
osc,reqs,0,0,115,0,182,877,5037,18,561,2284,0,0,0,628576,89942,2232225,117565,0,0,0,1734,0,0,1194902,0,0,21866
osc,wait,2,0,0,0,0,0,1277,0,413880,69884,0,8358,0,628548,567,0,525,16,0,719,6742,0,38551246,1,0,0,180423
ib,excessive_buffer_overrun_errors,504769,0,1,0,2,0,2741,0,0,96,0,81380,0,12892,35,0,0,0,0,0,1066311,3632,1,16998,0,0,954
ib,link_downed,625488,0,625488,153858,3,256900,66699264,0,5816,152,0,378,0,267900,33,12989,16,0,0,0,1,4318,0,167281,0,0,0
ib,link_error_recovery,625460,0,625460,0,0,0,507,0,59993,15956,0,0,0,267532,0,781294,0,883761,0,0,18452,105603072,8251573204,668,0,0,74
ib,local_link_integrity_errors,0,0,12892,2149,2,3719,2927,0,248,136,0,32,0,405564,0,72,0,0,0,0,113644,920,43047674028,0,0,0,0
ib,port_rcv_constraint_errors,0,0,136344,23834,504769,39127,1678,0,0,0,0,108,623766,96,0,20430,0,12850,0,0,656,7949,3341596,27,0,0,0
ib,port_rcv_data,0,0,136344,142,625480,223,16613376,0,18,3,0,864,0,16248,0,96409,0,122751,0,0,0,6388,20141089,0,1249003,0,0
ib,port_rcv_errors,0,0,342056,0,0,0,409,0,0,464754,0,85716,9101,24876,0,602,0,548,0,0,746,50909184,3784232,0,1,0,0
ib,port_rcv_packets,0,0,108,1,0,3,0,0,66,0,0,536,86643,760,0,38,0,0,0,987154,504769,5913,20130546,0,17726,0,0
ib,port_rcv_remote_physical_errors,0,0,864,0,204807,0,614,0,1089,6705,0,0,386,0,0,34,0,23,0,1,628576,0,0,0,172428,0,0
ib,port_rcv_switch_relay_errors,0,0,85716,0,0,0,914,0,726,68194,0,2,0,2,0,0,831642,354906,934791,0,628548,1792,10543,0,685,0,0
ib,port_xmit_constraint_errors,540,49138,536,0,2878,0,4295,1277,0,269,0,504769,33,504769,0,0,72,0,0,0,12892,6824,12892,0,0,0,0
ib,port_xmit_data,0,0,0,0,32110,0,45551,2741,0,0,0,625496,0,674766,0,0,21913,1295,13668,0,267248,695,3632,0,28,0,0
ib,port_xmit_discards,2,509,2,0,181,0,248,66699264,66,26,0,625472,0,0,0,0,104451,1500,130876,0,266584,0,4318,0,478,1299928,0
ib,port_xmit_packets,504769,10252,504769,0,0,0,0,507,66,96,518781,12892,0,9757,0,0,658,1102,570,0,405564,789,105603072,0,3674652,1,0
ib,port_xmit_wait,1745504,67,628592,0,2,0,3,3422,0,16248,1,128596,0,94947,0,12753,41,359325,0,0,1039195,0,920,0,0,18443,0
ib,symbol_error,1745480,0,628564,0,0,256818,0,1894,594,24876,7404,128596,0,421,0,0,36,2475,23,0,1,0,8359,0,0,180736,0
ib,VL15_dropped,12892,18,12892,0,0,0,104019848,19156992,0,756,73441,342072,0,0,0,0,0,885463,504769,0,15434,0,6641,0,53,732,0
intel_hsw_imc,CAS_READS,1531840,0,99957,0,0,3759,0,476,0,0,282,104,0,35,0,0,0,72,628592,0,144647,0,53235712,0,0,0,0
intel_hsw_imc,CAS_WRITES,1531536,0,0,0,0,39174,0,0,1089,2,0,864,0,0,726735,0,0,23188,68349968384,0,624,0,5960,0,20741,28,1994
intel_hsw_imc,20975873,1522500,0,1358,0,0,220,0,666,0,65536,30,85716,0,0,0,0,0,109270,59198357504,0,0,0,0,0,0,0,1349228
intel_hsw_imc,PRE_COUNT_MISS,96,0,18530,0,0,0,0,981,0,3,0,569550,0,0,10609,0,0,676,9151610880,591,0,0,1831,0,0,0,1
intel_hsw_imc,CYCLES,16240,0,98,0,0,2,0,4,1278,0,0,1,0,0,102076,0,0,43,5245108224,0,0,1091196,6871,1223991,0,0,19150
ib_sw,rx_bytes,24876,0,0,0,0,0,309736,0,2741,2,0,8215,0,0,464,10806848,0,37,515694592,23,0,1,628564,3632,0,0,186081
ib_sw,rx_packets,3212,0,33,0,0,0,0,0,66703360,504769,0,81814,0,0,0,0,0,150,937601,0,0,16369,12892,4318,0,0,750
ib_sw,tx_bytes,0,0,0,153942,0,0,4369,0,507,625484,0,322,0,0,36,0,0,0,72,0,0,151661,269640,105603072,20481,0,0
ib_sw,tx_packets,0,0,2,0,0,0,45612,0,3917,625456,0,0,0,0,0,779219,0,1350,24530,0,0,665,269276,920,0,0,29
ps,ctxt,0,0,262144,2096,0,0,249,0,2104,12892,0,30,0,0,0,0,0,0,115680,0,0,0,0,8818,0,0,0
ps,processes,0,0,3,23771,0,0,0,0,21667840,133008,0,2288,623422,0,0,11207,0,0,705,0,0,18,0,6819,0,0,234
ps,load_1,0,0,0,122,0,0,3,1828,513,133004,0,2284,1,0,0,108966,0,2475,46,0,0,0,1143320,55455744,1277962,0,3861
ps,load_5,0,0,2,0,0,0,0,361671,0,465170,0,69884,9022,0,0,484,0,0,40,0,0,0,1,6041,1,0,2574
ps,load_15,0,0,504769,41,0,0,0,0,696,0,0,96,87116,0,0,0,0,0,0,990190,0,1091920,17117,0,22315,0,0
ps,nr_running,0,0,127560842,0,204909,0,0,5230,1017,6672,0,152,330,0,0,37,0,0,608911360,72,0,0,158739,1891,137794,0,0
ps,nr_threads,0,0,0,0,0,0,0,52781,0,1280,0,15956,0,0,0,0,829802,0,0,25921,1,0,710,6950,789,0,234
intel_hsw,4424144,104,49098,26589173,0,2824,0,0,280,0,2741,0,136,37,0,0,0,0,103923900,0,121608,504769,0,0,0,3632,0,234
intel_hsw,4391377,864,0,136092,0,32011,0,0,0,0,66711552,0,0,0,674349,0,0,12095,9932250,628576,729,625496,0,19,0,4318,0,0
intel_hsw,4391633,85716,542,136076,0,158,0,0,3,0,507,0,3,0,1,0,0,117447,0,628548,49,625472,0,0,1194216,105603072,1331431,2106
intel_hsw,4392145,548,10273,342056,0,0,0,0,268736,414019,4465,519272,504769,0,9722,0,0,535,0,12892,41,12892,0,0,1,920,1,0
intel_hsw,4391249,0,80,108,0,54,0,0,268372,0,2318,0,628592,0,95460,0,0,0,9932250,271972,0,1042108,0,1144140,18009,9262,23214,0
intel_hsw,4391176,2,0,864,0,0,256948,0,405580,5888,24420352,7342,628564,0,356,0,0,38,0,271644,0,72,0,0,166912,7036,143330,3861
intel_hsw,4391330,504769,0,85716,0,0,0,0,96,59753,593,72985,12892,0,0,0,0,136,883912,405564,0,27194,0,16610,742,57798656,841,0
intel_hsw,4392945,628592,0,99882,0,3381,3696,0,16248,297,0,342,269212,0,38,0,0,0,0,96,0,128317,0,158434,0,6101,0,0
intel_hsw,INSTRUCTIONS_RETIRED,628564,0,0,0,458,39042,0,24876,0,755,0,268848,0,0,726274,0,2,12784,16248,0,747,0,696,19,0,953,0
intel_hsw,CLOCKS_UNHALTED_CORE,12892,0,1421,0,584499,196,0,756,3,1096,5,405580,0,0,1,0,504769,122623,24876,0,51,0,0,0,1934,0,1380682
intel_hsw,CLOCKS_UNHALTED_REF,268504,0,18582,0,0,0,0,0,0,464947,3565,570108,0,0,10602,0,628576,554,760,0,42,0,0,0,7009,0,1
intel_hsw_hau,READ_REQUESTS,268140,0,106,0,0,62,0,2,0,0,4708,0,0,0,102611,0,628548,0,0,0,0,1093857,0,1195070,18765,3632,24165
intel_hsw_hau,WRITE_REQUESTS,405580,0,0,0,53,0,309918,524288,0,6762,105947136,8134,0,0,396,0,12892,39,2,0,2,72,0,0,172058,4318,148423
intel_hsw_hau,CLOCKTICKS,96,0,1,0,0,0,0,8521936154,0,67926,902,81306,0,11096,0,0,267900,0,934968,0,504769,28782,0,17478,759,105603072,861
intel_hsw_hau,IMC_WRITES,16248,0,1531840,153838,3381,0,4288,0,0,317,5197,387,0,1932595,39,0,267532,0,0,0,628592,134854,0,166599,0,920,0
net,collisions,24876,0,1531536,0,0,0,45433,4146116746,0,0,4059,0,0,0,0,778735,405564,0,13597,0,628564,794,0,726,19,9686,1002
net,multicast,0,0,1522500,2167,0,0,221,504769,0,4,34168832,6,0,0,0,1,96,0,130725,0,12892,53,0,0,0,7247,0
net,rx_bytes,0,0,96,23856,0,0,0,625480,0,106104,5133,3,624089,11109,0,11205,16248,0,576,0,68349968384,48,0,25,0,60022784,0
net,rx_compressed,0,0,16240,130,0,0,69,625456,0,106104,0,0,0,478,0,109511,24876,0,0,0,59104956416,0,0,0,1249165,6154,0
net,rx_crc_errors,0,0,24876,0,0,0,339,361849,0,8651656122,1290,2,8878,2003832,0,427,760,0,40,0,9245011968,0,0,0,0,0,0
net,rx_dropped,0,0,3212,2,3217,0,110193,0,0,0,6030,504769,86568,0,0,0,0,0,0,987928,5301399552,0,30103,0,18231,1978,0
net,rx_errors,0,0,0,0,204774,0,759,5144,0,4180573733,334,3565,395,0,0,40,2,0,512323584,0,517201920,0,141486,0,171731,7061,0
net,rx_fifo_errors,0,0,0,0,0,0,0,52596,0,204,0,4708,0,53,0,0,829222,0,23887872,14327,16384,0,844,0,741,19,3671
net,rx_frame_errors,504769,49126,0,0,2881,0,46,244,0,96,5,105947136,6,0,0,0,1,0,171618304,137002,0,0,56,0,0,136844,4346
net,rx_length_errors,628576,0,0,0,32168,0,759,0,0,848,0,902,0,675068,0,1123,12077,0,11657216,599,731189248,0,49,0,25,136844,108564480
net,rx_missed_errors,628548,562,0,0,161,0,506,85,0,1828,0,5617,0,0,0,312318,118097,0,0,0,24440832,0,0,0,0,1300095,936
net,rx_over_errors,12892,10215,0,0,0,0,0,528,414262,64,0,4329,0,9581,0,0,476,0,0,41,1916522496,0,0,0,0,0,10101
net,rx_packets,268916,89,0,0,3,0,0,0,0,0,0,36569088,0,94843,0,1139,0,0,119762944,0,1040015,0,19085,0,0,18953,7415
net,tx_aborted_errors,268252,0,0,0,2812992,256802,46,2,5774,1,0,5169,0,433,0,1320,47,0,0,0,0,0,478,0,0,180024,62046208
net,tx_bytes,405564,0,0,0,0,0,46,504769,59514,504769,0,0,0,0,0,970,96,883299,0,0,15013,0,3395604,0,0,791,6238
net,tx_carrier_errors,0,0,99965,0,0,3733,0,1745504,263,628592,0,1320,0,7,0,316206,16248,1,2216,0,144198,0,0,0,0,0,0
net,tx_compressed,0,0,0,0,0,39246,414,0,0,628564,0,6065,623718,0,726976,2178,24876,12767,2216,0,619,0,0,51,0,26,2046
net,tx_dropped,0,0,1430,0,104019848,196,0,0,92,12892,0,0,3565,0,0,0,756,123304,2280,0,0,0,53,0,0,504769,7161
net,tx_errors,0,0,18475,0,0,0,0,1533848,0,465142,0,0,4708,0,10494,132,0,495,92,0,42,0,0,0,0,628592,0
net,tx_fifo_errors,0,0,119,0,0,3,759,1533544,0,0,0,0,105947136,0,101976,2178,2,0,96,0,271972,1092073,19085,0,0,628564,19696
net,tx_heartbeat_errors,0,0,0,0,0,0,309733,1522500,0,6716,0,0,902,0,474,1452,131072,48,15956,0,271644,0,0,0,0,12892,185363
net,tx_packets,0,0,1,0,0,0,0,96,0,67642,0,0,5997,0,0,0,3,0,934324,0,405564,15912,0,0,0,269640,810
net,tx_window_errors,1745508,143427958,0,153979,0,0,4333,16240,0,287,0,0,4522,0,7,0,0,0,1,0,96,151192,0,0,0,269276,0
proc,Uid,1745484,80997249852,0,0,0,0,45683,24876,0,0,0,0,38572032,674648,0,779477,2,0,13561,0,16248,657,0,0,0,405580,26
proc,VmPeak,0,102748544350,0,2180,0,0,223,3212,0,104,0,0,5216,0,0,0,504769,0,131456,0,24876,0,0,0,0,1304999,0
proc,VmSize,0,99311010115,0,23683,0,0,0,0,0,0,519227,0,0,9753,0,11097,17179144165,0,519,0,760,43,18825,0,0,72,0
proc,VmLck,0,84,268935908,145,0,0,4,2,0,2,6,0,1355,95128,0,108834,0,0,0,0,0,0,1144269,0,0,34064,0
proc,VmHWM,0,0,166461829266,0,0,0,0,361643,0,524288,7377,0,6111,403,0,506,4304200219,0,49,0,0,0,0,0,0,0,0
proc,VmRSS,0,0,288142129527,1,0,0,3045890,0,0,3,72854,0,0,3565,0,0,132104,0,267900,987195,0,0,16582,0,216,0,0
proc,VmData,0,0,270170305936,0,204871,625460,0,5198,0,0,302,0,0,4708,0,7,131904,0,267532,1,0,0,158283,0,3564,0,0
proc,VmStk,0,0,0,360264790,0,12892,0,52873,0,2,0,0,0,105947136,726576,0,830008,0,405564,14338,0,0,696,0,2376,0,0
proc,VmExe,3216,49116,1384,269425099083,3008,136092,0,252,0,504769,115,0,0,902,0,0,0,0,17311283428,137780,0,0,0,0,0,0,1353951
proc,VmLib,0,0,18577,524965674667,31914,136076,0,0,0,625480,0,570033,0,6432,10625,0,12035,0,0,540,0,0,45,0,0,0,72
proc,VmPTE,2,527,119,487130669967,181,342056,0,5,0,625456,0,6,0,4754,102279,0,117319,0,4338646432,0,0,0,15878720,1195165,216,0,35434
proc,VmSwap,504769,10269,0,0,486184830,108,0,108,414024,12892,0,8212,0,40939520,447,91453032,556,0,760,49,0,0,0,0,216,0,162911
proc,Threads,625500,82,0,0,342919501256,864,0,864,0,128676,0,81150,0,5255,0,8740380,0,0,0,0,1039213,0,0,17468,0,0,971
proc,Cpus_allowed_list,625476,0,0,153867,704927260791,256901,0,85716,5850,128476,0,343,0,0,7,0,8,0,2,0,1,0,0,166465,1944,0,65
proc,Mems_allowed_list,12892,0,1712,0,653343022442,0,0,536,59799,342056,0,0,0,1382,0,779082,504769,884084,504769,0,15038,0,104019848,718,0,0,56
llite,read_bytes,0,0,99870,2125,0,595733578,0,0,285,104,0,123,0,6150,0,0,625496,0,0,0,145031,0,0,0,0,267248,316
llite,write_bytes,0,0,0,23847,0,454025134891,0,2,0,864,0,0,624025,0,3565,11210,625472,12773,0,0,560,0,0,46,3564,266584,0
llite,direct_read,0,0,1440,144,0,969287321573,0,504769,6,85716,0,0,6,0,4708,109152,12892,122478,12892,0,0,0,0,0,1249253,405564,323584
llite,direct_write,0,0,18562,0,0,894263205092,0,628592,0,464896,0,0,8963,0,105947136,477,128596,577,268216,0,51,0,0,0,0,96,0
llite,dirty_pages_hits,0,0,114,1,0,7,707117782,628564,0,0,0,0,86381,0,902,0,128596,0,267852,0,0,1091274,0,0,18234,16248,0
llite,dirty_pages_misses,0,0,0,0,204797,12892,522496564801,12892,0,6787,0,0,351,0,6807,7,342072,8,405580,0,0,1,0,0,171579,24876,0
llite,ioctl,0,0,0,0,0,1531840,1138391295744,269228,0,67956,0,0,0,0,4938,0,829534,0,935103,0,0,15899,0,0,736,752,0
llite,open,0,49150,0,153878,2854,1531536,1051510856220,268864,0,313,0,0,130,0,42876928,0,0,0,0,0,0,152065,0,0,0,0,0
llite,close,2,0,53,0,32142,1522500,45706,816614556,0,0,0,0,0,675028,5307,0,12139,0,13600,0,0,589,0,0,50,2,0
llite,mmap,504769,537,0,2172,182,96,245,635211056226,0,6,0,9440,0,6,0,0,117719,0,130599,0,0,0,0,0,0,1300215,0
llite,seek,628592,10208,1725,23796,0,16240,0,1405779213533,0,1533848,518974,1668121,0,9643,1417,0,533,0,605,0,0,56,0,0,14302440,0,0
llite,fsync,0,82,0,139,1,24876,7,1294213196235,0,1533544,7,0,0,94643,6201,0,0,0,0,0,0,0,1143446,0,0,18941,0
llite,setattr,0,0,0,0,0,256770,0,361500,948917902,1522500,7461,0,0,384,504769,3565,8,0,9,0,0,0,1,68349968384,0,179851,0
llite,truncate,0,2,0,1,243,0,0,0,702609426620,96,73173,9453,0,0,625484,4708,185324,883596,3,988028,0,0,16533,59084345344,0,788,0
llite,flock,0,0,99974,0,204831,3734,0,5334,1581267155525,16240,330,478,0,138,625456,105947136,119788,0,0,0,0,0,159215,9265623040,0,0,0
llite,getattr,0,0,0,0,0,39243,0,52838,1457136696068,24876,0,1729557,0,0,727017,902,0,12860,2,14365,0,0,627,5309263872,0,51,0
llite,statfs,0,0,1417,0,2913,222,0,277,0,1074104366,7,0,0,0,6,7225,2288,122912,504769,136881,0,0,0,541179904,0,8494284122,1349489
llite,alloc_inode,0,0,18456,0,32055,0,0,0,0,812482153932,0,569753,0,0,10498,5167,2284,553,625488,628,0,0,57,24576,0,848,0
llite,setxattr,0,0,108,0,179,1,0,8,0,1842937111725,0,7,0,0,101738,45187072,69884,0,625460,0,0,0,0,1194352,0,1828,19675
llite,getxattr,0,0,0,0,0,135340,309691,504769,413955,1695438552511,0,8271,0,0,425,5361,96,8,12892,9,17168,0,0,1,0,60,185192
llite,listxattr,0,0,14,0,1,135340,0,625488,0,625488,1171009178,81538,0,953,0,0,152,0,934633,0,1040103,0,0,17367,0,0,806
llite,removexattr,0,0,0,153923,308,256811,4351,625460,5965,625460,900934749565,372,0,264997,147,1460,15956,0,0,0,0,0,0,167436,0,1,0
llite,inode_permission,0,6462,0,0,0,0,45673,12892,59719,12892,2065129256489,0,0,0,548,6255,136,0,13679,0,15055,0,0,655,0,504769,51
llite,readdir,0,0,0,2205,0,3842,249,136092,305,136344,1899242596179,8,0,967,0,6,3565,0,131027,0,144084,0,0,0,0,625496,0
llite,create,0,117014528,1435200,23686,28,39101,0,136076,0,136344,0,1296160792,623675,1120,2,11084,4708,0,575,0,649,0,0,58,0,625472,0
llite,lookup,0,0,0,126,28,217,1,342056,9,342056,0,990084659767,7,822,504769,108590,105947136,0,0,0,0,0,0,620265472,1248449,12892,0
llite,link,0,1413,0,0,0,0,0,361564,0,464867,0,2284303915611,9059,268296,106104,454,902,0,9,0,9,0,0,0,1,132792,0
llite,unlink,0,0,0,17,252,4,0,0,0,0,0,2099542329536,86815,1848,106104,0,7665,0,0,987486,0,1092202,0,0,18094,132792,0
llite,symlink,0,5787648,104019848,0,204912,504769,309762,5273,0,6907,0,0,1386837690,0,0,154,5384,0,2,0,53,0,0,405564,172585,342072,0
llite,mkdir,0,0,0,0,0,628592,0,52844,0,67834,0,0,1098786982882,112,1216,0,47538176,0,504769,14523,0,15937,0,96,668,104,0
llite,rmdir,0,0,0,0,2964,628564,4439,282,0,331,0,0,2553545506909,1848,1216,0,5406,0,625496,137302,17181,151058,1687,16248,0,864,0
llite,mknod,0,0,0,0,31889,12892,45522,0,0,0,0,0,2344523480280,674603,204,0,0,0,625472,592,0,692,468476,24876,62,85716,0
llite,rename,0,0,0,0,153,268504,245,2,0,9,0,0,0,1511980780,96,0,1494,0,12892,0,0,0,0,760,0,1299377,0
mem,MemTotal,0,10260,6638,0,0,268140,0,1745504,413925,0,518965,0,0,1166321009135,848,0,6299,0,128596,15,0,10,1716,0,0,1,0
mem,MemFree,0,83,0,0,24,405580,4,1745480,0,0,0,7864896,0,2724630344998,1828,0,0,3565,128596,0,1039504,0,1144415,2,0,18800,0
mem,MemUsed,0,0,121163776,0,19399128,256911,0,361699,5899,0,7583,0,0,2502645792424,64,0,162,4708,342072,0,0,0,0,504769,0,180886,0
mem,Active,0,0,0,0,1854020,0,0,0,59828,0,73040,0,0,0,1621707966,0,0,105947136,104,0,15249,0,16597,52124,0,720,0
mem,Inactive,0,0,2479,0,0,3904,0,5333,308,0,345,0,0,11,1276856572566,0,2,902,864,0,144527,0,158130,52124,0,0,0
mem,Dirty,0,0,0,0,0,38889,0,52655,0,0,0,104019848,0,0,2991890226062,0,65536,8232,0,0,612,0,741,0,0,66,0
mem,Writeback,0,0,10153984,0,1854020,175,0,277,2,0,9,0,0,0,2745623251717,0,3,5623,0,0,0,0,0,2216,0,268248,1348601
mem,FilePages,0,0,0,2,0,0,0,0,0,464853,0,569783,0,1848,10720,1747721524,0,50401280,0,0,16,0,11,2216,0,267884,1
mem,Mapped,0,0,0,504769,0,42,0,5,0,0,0,0,0,0,102243,1342740895102,2,5483,0,0,0,1091531,2178,1195332,0,405580,19559
mem,AnonPages,0,0,0,625500,0,3,309888,0,414126,6780,0,8401,0,0,458,3163155727017,504769,0,0,0,0,0,0,0,0,96,186256
mem,PageTables,0,0,0,625476,0,0,0,4150601167,0,67989,0,81353,0,0,0,2904173479368,625484,1542,935278,0,0,16160,0,17479,0,16248,734
mem,NFS_Unstable,0,0,0,7663,0,2,4509,2,5968,333,0,388,0,0,13,0,1879472452,6376,6,0,14294592,151539,198,166285,0,68349968384,0
mem,Bounce,0,0,0,0,0,504769,45275,504769,59560,0,0,0,0,77596512,96,778925,1453292587710,0,3565,0,0,655,198,776,0,59015741440,71
mem,Slab,0,0,0,130547712,0,628576,191,625500,304,2,0,10,0,7416080,848,7,3426975064594,0,4708,0,0,0,0,0,0,9334226944,0
mem,HugePages_Total,0,0,0,0,0,628548,0,625472,0,0,518932,0,623797,0,1828,11372,3143544074122,0,105947136,0,0,16,1782,15,0,5346070528,0
mem,HugePages_Free,0,0,0,4067,0,12892,47,12892,5,0,0,0,0,0,64,109127,342056,1974158324,902,0,104019848,0,1143729,499466240,1249446,554315776,0
numa,numa_hit,0,0,0,0,0,268916,0,361833,0,465015,7435,0,9136,7416080,0,483,104,1543628104830,8731,0,0,0,0,23920640,0,24576,0
numa,numa_miss,0,0,0,16658432,0,268252,0,0,0,0,73236,0,86592,0,1,0,864,3653670736215,5796,988207,0,0,16833,187936768,18225,0,0
numa,numa_foreign,0,0,0,0,204833,405564,0,5381,0,6910,348,0,395,0,504769,14,85716,3351087308143,52752384,6,0,0,158618,11874304,171404,782561280,0
numa,interleave_hit,0,0,0,0,0,96,0,52411,0,67700,0,0,0,0,628592,0,829439,0,2099742294,14241,0,0,698,0,793,24440832,0
numa,local_node,0,52796,0,0,2902,16248,0,219,0,329,3,0,11,0,628564,0,7,0,1630117677102,136557,0,0,0,0,0,1944846336,0
numa,other_node,0,0,0,0,32072,24876,0,0,0,0,0,569636,12892,674755,12892,0,12348,0,3866237725394,572,0,0,17,118501376,15,17387520,0
intel_nhm,FIXED_CTR0,0,564,0,628592,7703,752,0,53,0,6,0,0,1533848,0,268736,0,117597,0,3545681017784,0,0,0,137179548,1194600,0,1300408,0
intel_nhm,FIXED_CTR1,0,6536,0,628564,0,0,0,0,414295,0,519087,8302,12888714018,9870,268372,0,527,0,0,2194753192,0,0,13110570,0,0,0,0
intel_nhm,FIXED_CTR2,0,88,0,12892,130752512,2,0,2,0,0,0,81618,0,94856,405580,0,0,0,0,1740347415721,1040311,0,0,17724,0,18939,0
intel_nhm,CTL0,0,0,0,268132,0,256876,0,504769,6013,7784,7592,385,4241507213,433,96,0,15,0,0,4137060823552,6,0,0,166818,0,179673,0
intel_nhm,CTL1,0,0,85,267768,5144,0,0,628592,59275,1337279,72925,0,16240,0,16248,0,1216,883480,0,3791575342239,14932,0,13110570,728,0,844,0
intel_nhm,CTL2,0,0,104941,405580,0,3758,0,628564,234,0,344,9,24876,11,24876,0,1216,7,0,9221,2320434674,2,0,0,0,0,0
intel_nhm,CTL3,0,0,0,96,21069824,39127,0,12892,0,0,0,0,623597,0,726714,0,204,13096,0,6024,1807838980785,504769,0,19,0,15,0
intel_nhm,CTR0,0,0,1489,16248,0,207,0,268504,64,7797,6,0,0,0,0,0,96,122783,0,55291904,4307879235606,625488,0,628576,1248697,760,1349701
intel_nhm,CTR1,0,0,13429,24876,0,0,0,268140,0,465243,0,569847,9048,0,10754,0,848,545,0,5619,3949999738224,625460,0,628548,0,0,0
intel_nhm,CTR2,0,0,120,752,0,9,0,405580,0,0,0,0,86898,0,101967,0,1828,0,0,0,0,2430259246,0,12892,18484,2,19676
intel_nhm,CTR3,0,0,0,0,0,100,309809,96,0,6923,0,8452,393,0,473,0,64,16,0,1641,0,1917764362142,0,267900,171939,504769,184994
intel_rapl,MSR_PKG_ENERGY_STATUS,0,0,1,2,0,7786,0,16248,0,67375,0,81263,0,0,0,0,0,0,934512,6509,0,4573172199529,0,267532,745,52124,861
intel_rapl,MSR_PP0_ENERGY_STATUS,0,0,0,159000,0,0,4358,24876,0,257,0,382,10,0,11,0,1,0,7,0,3565,4191143248142,0,405564,0,52124,0
intel_rapl,MSR_DRAM_ENERGY_STATUS,0,0,10,0,0,132648960,45556,752,0,0,0,0,136344,674517,504769,780476,17181455240,0,13933,0,4708,627,2562303042,96,19,0,16
tmpfs,bytes_used,0,0,165,2227,0,0,233,0,0,69,0,6,136344,0,625480,0,0,0,130883,0,105947136,0,1992717193807,16248,0,1299607,0
tmpfs,files_used,0,0,110,18604,0,6359,0,2,0,0,519347,222408,623758,9756,625456,11385,4312604727,0,568,0,902,203,4766813237568,24876,0,0,0
lnet,tx_msgs,0,0,0,145,0,0,14,2097152,0,0,1,0,0,95232,12892,107538,0,0,0,0,9688,536,4369727236507,760,0,19226,0
lnet,rx_msgs,0,0,0,0,0,26046464,0,361730,0,0,7621,811,9269,427,128676,499,1216,0,17,0,6199,0,6,2687792744,0,180229,0
lnet,rx_msgs_dropped,0,0,10,1,0,0,0,0,0,0,72541,940,86526,0,128476,0,1216,0,478,987400,57520128,2,16438,2093505232360,0,796,0
lnet,tx_bytes,0,0,10,12892,210120,0,0,5249,0,0,278,690,391,10,342056,11,204,0,2810430,7,5687,504769,157739,5011190161352,0,0,0
lnet,rx_bytes,0,0,0,270288,0,0,0,52712,0,7633,0,225177,0,0,726440,0,830968,0,0,14722,0,625496,672,4592619733063,0,19,0
lnet,rx_bytes_dropped,0,49093,90,269952,3038,0,0,254,0,0,71,1551,7,0,0,0,0,0,0,137171,1685,625472,0,628564,2781875414,3361906688,1348842
ib_ext,port_select,0,0,0,405564,26627,342072,7788,0,0,0,0,570190,504769,674707,10618,0,12320,0,53,595,6575,12892,209,12892,2195730890420,332398592,0
ib_ext,counter_select,0,573,0,96,179,108,0,19,0,0,0,1,628592,0,102400,0,116056,0,0,0,0,3565,0,1195589,5265262467804,53248,20005
ib_ext,port_xmit_data,0,10248,165,16248,0,864,132657152,0,414148,0,0,8462,628564,10005,470,0,553,0,15525,17,1515,4708,0,6,4824348267305,0,185566
ib_ext,port_rcv_data,0,78,0,24876,2,85716,0,0,0,0,0,80809,12892,94806,0,0,0,0,0,0,1039409,105947136,0,17289,0,2907504038,817
ib_ext,port_xmit_pkts,0,0,0,764,0,263435,7397,0,5883,0,0,320,269228,421,10,0,11,0,0,0,7,902,0,165905,0,2269354828564,0
ib_ext,port_rcv_pkts,0,0,0,0,0,0,0,0,59618,0,0,0,268864,0,1745504,778900,628592,885094,0,0,15455,10185,0,701,0,5449331482858,20
ib_ext,port_unicast_xmit_pkts,0,0,99869,2,0,4031,30298112,0,284,6487104,0,72,405580,7,1745480,0,628564,0,0,0,144397,6433,0,0,0,4993843246263,0
ib_ext,port_unicast_rcv_pkts,0,0,0,504769,0,32272,0,0,0,0,0,94,624194,0,726593,11224,12892,13004,0,0,616,60112896,0,220,0,0,3002022090
ib_ext,port_multicast_xmit_pkts,0,0,1490,1745504,0,215,0,0,26,0,0,0,1,0,0,109293,268736,121221,15361,0,0,5749,0,0,1249729,0,2377565304791
ib_ext,port_multicast_rcv_pkts,0,0,18512,1745480,0,0,0,0,0,465043,0,846,9233,0,10925,501,268372,570,0,0,18,0,0,2,6,115916800,5712969201466
sysv_shm,mem_used,0,0,115,12892,0,3,0,0,0,0,0,0,86015,0,101949,0,0,0,0,0,0,1724,0,131072,18010,0,5233330481813
sysv_shm,segs_used,0,0,0,1531808,0,268132,317685,7788,0,6808,0,0,329,0,463,14,0,12,0,0,178,6636,0,3,171003,0,0
nfs,inode_revalidate,0,24876,0,1531504,0,267768,0,0,0,67765,0,1551,0,0,0,0,829332,0,936137,0,2937,16379,3565,25708559765,721,0,0
nfs,dentry_revalidate,0,49180,0,153825,0,405580,4685,132657152,0,311,0,0,74,0,12,0,0,0,0,0,1958,151384,4708,0,0,2,0
nfs,data_invalidate,0,0,0,0,0,96,37329,0,0,0,0,0,3,675150,3212,779096,12161,0,13846,0,0,657,105947136,8471929489,231,504769,0
nfs,attr_invalidate,0,4910478,0,2268,0,16248,241,8431,0,27,0,0,0,1,0,0,117879,0,129307,0,0,0,902,625488,0,1300662,0
nfs,vfs_open,0,22705799802,0,23750,0,24876,0,0,0,0,519109,0,2,9969,2,11522,551,0,594,0,178,19,10573,625460,0,6,0
nfs,vfs_lookup,0,80286954882,0,141,0,752,3,34533376,0,0,1,65125644,504769,94272,504769,108812,0,0,0,0,178,96,6602,12892,0,18754,0
nfs,vfs_access,0,79093486730,0,0,0,0,0,0,0,0,7499,6224210,625488,349,625488,495,14,0,12,0,0,152,62005248,132104,0,179248,0
nfs,vfs_updatepage,0,1,6825582,1,0,2,0,0,0,0,72982,0,625460,0,625460,0,0,883439,0,989042,1602,15956,5804,131904,0,776,0
nfs,vfs_readpage,0,504769,97581240548,0,204747,1048576,0,0,0,0,330,0,12892,88,12892,13,0,0,104019848,0,0,136,0,342056,0,0,0
nfs,vfs_readpages,0,628576,263320842702,3007964,0,3,0,0,0,0,0,6224210,136092,0,727125,0,829558,12823,0,14644,0,0,1762,108,0,238,0
nfs,vfs_writepage,0,628548,248476246685,5,3059,0,0,272,7789,0,27,0,136076,0,1,0,0,123084,0,135573,2937,3,6689,864,0,0,1349942
nfs,vfs_writepages,0,12892,15650,8750998,31991,2,0,0,0,0,548,569916,342056,0,10870,0,12452,574,0,619,0,504769,20,3565,0,0,6
nfs,vfs_getdents,0,267248,117,189656029578,178,504769,0,4,132661248,0,0,1,108,0,101338,0,117373,0,0,0,0,628592,0,4708,0,0,19498
nfs,vfs_setattr,0,266584,0,496471395175,0,628576,0,0,0,0,2,8322,864,0,386,0,543,14,0,12,0,628564,0,105947136,0,0,184566
nfs,vfs_flush,0,131502080,3,462152352866,1,628548,0,0,9498,0,504769,81299,85716,0,0,0,0,0,934469,0,1041061,12892,0,902,0,0,791
nfs,vfs_fsync,0,4,0,157924,10444732,256767,0,0,0,0,628592,358,540,0,94,0,13,0,0,0,0,269212,0,10970,0,0,0
nfs,vfs_lock,0,16248,0,0,257732472800,0,0,0,38903808,0,628564,0,0,0,0,779643,0,883638,13621,0,15424,268848,0,6869,0,0,245
nfs,vfs_release,0,24876,0,2340,674284575112,3954,0,0,0,0,12892,36,2,0,2,1,0,0,131224,0,142740,405580,0,64335872,0,0,0
nfs,congestion_wait,0,752,0,19538,627446688522,39028,0,5976,0,0,268504,0,623891,0,504769,11500,0,13170,602,0,639,96,0,5867,0,0,0
nfs,setattr_trunc,0,0,0,140,0,12376388,0,1039425,0,0,268140,0,1,0,628592,108148,0,122547,0,0,0,16248,0,0,1248590,0,0
nfs,extend_write,0,2,0,0,0,363765190904,0,0,0,475944,405580,0,9073,0,628564,407,0,567,14,1828,12,24876,0,1813,7,0,0
nfs,silly_rename,0,504769,0,4,0,937714276614,0,0,0,7791,96,0,86558,0,12892,0,0,0,0,987349,0,1093183,0,6752,18701,0,0
nfs,short_read,0,106104,0,628592,211464,867473145788,309741,5989,0,0,16248,0,363,0,269228,101,0,14,0,0,0,0,0,104,3565,0,0
nfs,short_write,0,106104,0,628564,0,4,13986110,478,0,132669440,24876,0,0,0,268864,0,830146,0,934650,14416,0,16283,0,864,4708,0,0
nfs,delay,0,49131,0,12892,3157,2,427194446812,1077972,0,0,752,0,41,0,405580,0,1,0,0,137526,0,149710,0,85716,105947136,0,0
nfs,normal_read,0,0,0,269640,25119,504769,1106274542924,0,0,10592,0,0,96,674862,96,0,12456,0,13999,620,0,680,0,524,902,0,0
nfs,normal_write,0,534,0,269276,179,1745504,1024092324933,0,0,0,2,0,16240,1,16248,0,116629,0,130674,0,0,0,0,0,11302,1299503,0
nfs,direct_read,0,10243,0,405580,0,1745480,0,15905330,0,43384832,530067,0,24876,9779,24876,0,441,0,593,15,0,13,0,2,7038,7,0
nfs,direct_write,0,83,0,96,6,12892,1,535146487746,0,0,0,0,3212,94843,752,0,0,0,0,1216,1039378,504769,1145396,504769,66023424,19444,0
nfs,server_read,0,0,0,16248,0,266076,0,1372867142966,0,0,8065,0,0,393,0,0,115,0,14,1216,0,625484,0,185324,5909,180091,0
nfs,server_write,0,1,0,24876,0,0,0,1266609424333,0,0,61432,0,2,0,2,0,0,884295,0,987513,15131,625456,16966,119788,0,802,0
nfs,read_page,0,60,99969,752,0,4135,0,5523,17532282,0,342,0,504769,45,262144,0,0,1,0,0,144756,12892,156762,0,1841,0,0
nfs,write_page,0,68349968384,0,0,0,29460,0,52499,599189337154,655,16508,0,625500,0,726818,0,13869,13155,0,14840,635,133008,725,2288,6793,23,0
nfs,xprt_sends,0,61186142208,1375,2,0,219,0,280,1548228848601,760,0,0,625472,0,1,0,478,121750,0,136944,0,133004,0,2284,0,3565,1348705
nfs,xprt_recvs,0,7163826176,18524,8388608,0,0,0,0,1429527871053,561,211550208,581010,12892,0,10663,0,2465730,461,0,613,15,342056,14,69884,0,4708,7
nfs,xprt_bad_xids,0,3463565312,116,3,0,7,0,2,0,19456212,0,0,135340,0,101950,0,0,0,0,0,0,1091428,0,1196273,0,105947136,20257
nfs,xprt_req_u,0,362971136,0,0,0,0,320298,0,414018,706116170471,15151,8952,131502080,0,424,0,0,116,0,15,0,0,0,0,0,902,185426
nfs,xprt_bklog_u,0,352256,5,2,0,0,0,0,0,1810236503295,0,69545,4,0,0,0,53,0,935353,504769,1039564,16019,0,17902,0,11663,822
nfs,ACCESS_ops,0,0,0,153942,0,0,4809,0,6218,1667717740910,62058496,384,104,0,53,0,0,0,1,628592,0,151771,0,164909,0,7228,0
nfs,ACCESS_ntrans,0,487899136,0,0,0,0,34517,0,59408,1254,21195292,0,864,0,136092,779278,13869,0,14014,628564,15555,677,0,755,0,67903488,24
nfs,ACCESS_timeouts,0,27897856,0,2135,0,0,245,0,307,836,791588055296,6,85716,0,131502080,1,0,0,129797,12892,144144,0,0,0,0,5955,0
nfs,ACCESS_bytes_sent,0,2430717952,0,23761,0,0,0,0,0,0,2032166139142,0,637551,0,4,11299,0,0,482,268736,637,16,0,20,0,0,0
nfs,ACCESS_bytes_recv,0,14372864,0,141,0,0,9,0,3,0,1871389684277,0,0,0,108,108822,0,0,0,268372,0,106104,1143651,628592,1250407,1880,0
nfs,ACCESS_queue,0,0,0,0,0,0,0,372350,0,464917,2,23006826,9802,0,864,442,0,0,121,405580,15,106104,0,628564,0,6839,0
nfs,ACCESS_rtt,0,0,0,7,0,0,0,0,0,0,504769,878906019894,72139,0,85716,0,0,0,1176,988302,0,1091645,16669,12892,18640,3825651,3739
nfs,ACCESS_execute,0,552370176,0,96,204895,0,0,5759,0,7141,1745508,2251740450677,391,0,540,60,13705,0,383280,1,0,0,158851,269212,170013,0,4945
nfs,COMMIT_ops,0,0,0,16248,0,0,0,41456,0,67554,1745484,2072843005107,0,0,0,0,829806,0,2640,14807,0,16438,721,268848,773,0,109707264
nfs,COMMIT_ntrans,0,49093,0,24876,2878,0,0,277,0,334,9874027,16415,24888672,0,0,0,1,0,0,136018,0,151133,0,405580,0,53,927
nfs,COMMIT_timeouts,0,0,0,752,32016,0,0,0,0,0,0,0,986875097236,692369,0,0,12210,0,160,503,0,678,16,96,20,0,12012
nfs,COMMIT_bytes_sent,0,461,0,0,179,0,0,13,0,3,0,67235840,2522647791409,0,0,0,117333,0,2640,0,0,0,0,1194530,0,1301365,7437
nfs,COMMIT_bytes_recv,0,10365,0,2,0,0,0,0,425968,0,518927,0,2319485920239,10632,0,0,496,0,1760,129,0,16,0,0,0,0,69824512
nfs,COMMIT_queue,0,76,0,504769,10,0,0,0,0,0,0,0,96,26534676,0,0,0,0,0,1,1040350,64,1143780,17558,0,19361,5994
nfs,COMMIT_rtt,0,0,0,106104,0,256852,0,0,6539,0,7895,0,16248,1051964112168,0,0,61,0,0,0,1,0,0,167048,0,178269,0
nfs,COMMIT_execute,0,0,0,106104,0,0,0,0,46996,0,72763,0,24876,2693859386510,0,0,11539008,883919,160,2,15571,1,17179,750,0,829,1940
nfs,CREATE_ops,0,96,99856,0,0,3843,0,0,310,52654776,350,0,16508,2478408936727,0,0,0,1,160,504769,143167,131502080,158206,0,0,0,6904
nfs,CREATE_ntrans,0,16248,0,1220,0,39043,0,0,0,5032340,0,0,0,0,28457554,0,0,12907,0,625480,519,4,720,17,0,21,0
nfs,CREATE_timeouts,0,24876,1310,1220,0,221,0,0,20,0,7,0,211550208,0,1160700294076,0,0,122490,1440,625456,0,106104,0,0,1248609,0,1350631
nfs,CREATE_bytes_sent,0,756,18720,204,0,0,0,0,0,478072,504769,569723,0,0,2961320931931,0,104019848,510,0,12892,136,0,21,0,0,0,0
nfs,CREATE_bytes_recv,0,0,103,96,0,13,0,0,0,0,625500,0,17383,0,2721667884753,0,0,0,0,128676,0,1092496,0,1194685,18312,0,20137
nfs,CREATE_queue,0,2,0,848,0,0,309804,0,628548,7569,625476,8745,0,0,471,30070396,0,69,2640,128476,0,1,0,0,172195,0,183579
nfs,CREATE_rtt,0,4194304,1,1828,0,0,0,0,12892,53809,12892,81064,71200768,0,0,1224802661954,0,0,934966,342056,0,16436,0,18069,767,0,843
nfs,CREATE_execute,0,68719476736,0,153835,0,0,4468,0,270288,334,130780,396,0,0,7,3134813971517,0,0,1,104,0,150099,0,166379,0,0,0
nfs,FSINFO_ops,0,65398493184,0,0,0,0,45433,0,269952,0,130780,0,0,0,0,2883082871288,0,0,13736,864,0,551,0,744,17,0,22
nfs,FSINFO_ntrans,0,3320983552,0,1993,0,0,246,0,405564,21,342072,7,0,0,0,0,32005588,0,130571,85716,0,0,0,0,0,1299521,0
nfs,FSINFO_timeouts,0,1611857920,0,24038,0,0,0,0,96,0,532306,0,0,0,0,12269,1332686271137,0,530,528,0,148,0,22,0,0,0
nfs,FSINFO_bytes_sent,0,152375296,0,119,0,0,15,0,16248,0,10,0,0,16508,0,86226,3399293549463,0,0,0,0,0,1144745,0,1248774,19038,0
nfs,FSINFO_bytes_recv,0,1036,0,0,0,0,0,361744,24876,0,8280,0,9585,0,0,499,3123436458468,0,80,2,0,1,1,0,0,180510,0
nfs,FSINFO_queue,0,2042,0,3,0,4320,0,0,764,0,58814,0,86306,211550208,0,0,0,33753154,0,987906,0,504769,17126,0,18844,808,0
nfs,FSINFO_rtt,0,58470400,0,378675200,204752,774951,0,5365,0,0,354,0,406,0,0,8,0,1421171659466,10594400,1,0,628592,157100,0,171492,0,0
nfs,FSINFO_execute,0,416,0,49152,0,0,0,52555,2,0,0,0,0,18431,0,0,852544,3626771996793,0,14504,0,628564,590,0,758,17,0
nfs,FSSTAT_ops,0,491,0,0,2696,0,0,278,504769,0,23,0,8,0,0,0,0,3332032942896,0,136827,0,12892,0,0,0,0,1348762
nfs,FSSTAT_ntrans,0,342,0,458280960,32387,4333,0,0,1745504,0,628592,584347,752,75493376,0,0,13271,16248,35544604,543,0,268736,153,0,26,0,0
nfs,FSSTAT_timeouts,0,3284992,0,27901952,142,478,0,17,1745480,0,628564,10,0,0,0,0,93481,24876,1505397279244,0,0,268372,0,1195709,0,1299693,19798
nfs,FSSTAT_bytes_sent,0,141,0,2425511936,0,803697,0,0,414154,0,12892,9206,2,0,0,0,551,752,3839844952655,85,0,405580,0,1,0,0,185859
nfs,FSSTAT_bytes_recv,0,0,0,14561280,4,0,0,0,0,0,268132,65775,504769,0,0,0,0,0,3527654491260,96,1039973,96,0,18004,0,19585,827
nfs,FSSTAT_queue,0,397,0,0,0,256698,0,0,6038,0,267768,395,1745508,0,0,0,9,2,0,37458618,1,16248,0,165218,0,179776,0
nfs,FSSTAT_rtt,0,560,0,0,0,0,0,0,59438,0,405580,0,1745484,0,16508,0,0,908119,0,1613532109251,15213,24876,0,613,0,807,18
nfs,FSSTAT_execute,0,0,1060,548409344,0,3579,0,0,300,0,96,28,12892,8,0,0,0,0,0,4110740900332,144021,756,0,0,0,0,0
nfs,GETATTR_ops,0,453988916,2105,0,0,39514,0,476,0,0,16248,0,638380,0,211550208,0,0,14043,0,3774595652629,563,0,0,159,0,27,0
nfs,GETATTR_ntrans,0,2597171020,60612608,0,0,179,0,132499,20,0,24876,0,10,0,0,0,0,97106,0,2,39070576,2,0,0,1249862,0,1348937
nfs,GETATTR_timeouts,0,205710,435,12892,0,0,0,0,3208,465066,752,0,10024,0,19458,0,0,571,0,504769,1678782681921,524288,0,0,1,0,0
nfs,GETATTR_bytes_sent,0,1194334,888,268248,0,5,0,480,0,0,0,0,70895,0,0,0,0,0,0,625488,4281612499105,1092059,0,0,18719,0,20371
nfs,GETATTR_bytes_recv,0,9162,528,267884,0,0,309634,560,2,6964,2,0,404,0,79699968,0,0,9,0,625460,3933650277427,1,0,0,170320,0,185095
nfs,GETATTR_queue,0,1824,5283840,405580,0,0,0,413,504769,67565,1048576,0,0,0,0,0,0,12892,961759,12892,0,40994088,0,0,632,0,827
nfs,GETATTR_rtt,0,49112,177,155264,0,4169,4158,134148,625496,325,3,0,32,0,0,0,0,136092,0,136344,0,1787282393214,0,0,0,0,0
nfs,GETATTR_execute,0,0,0,0,0,0,45963,924,625472,0,0,0,0,689383,0,778942,0,136076,14932,136344,0,4548609233982,0,0,163,0,28
nfs,LINK_ops,0,522,433,2221,0,0,205,0,12892,23,2,0,2,10,0,0,0,342056,102538,342056,0,4176205786042,0,0,0,1300828,504769
nfs,LINK_ntrans,0,10282,615,22350,0,0,0,56,136844,0,519150,0,504769,10833,0,16508,0,108,597,108,0,87,42642722,19928,0,1,628592
nfs,LINK_timeouts,0,75,0,1245,0,0,9,924,136844,0,6,0,625500,79021,12061,0,1208,864,0,864,0,128676,1861193054569,3425259,0,19453,628564
nfs,LINK_bytes_sent,0,0,0,2327,0,0,0,361531,342072,0,7658,0,625476,436,0,211550208,335978,17348678,9,85716,0,128476,4743629391572,0,0,178554,12892
nfs,LINK_bytes_recv,0,0,0,64942080,0,0,0,0,104,0,72753,0,12892,0,0,0,0,0,0,1016027,0,342056,4356099336041,0,0,677,269212
nfs,LINK_queue,0,52124,99900,468,206229,0,0,4994,864,0,342,0,130780,36,0,20512,1226,0,0,0,0,104,158070,44529172,0,0,268848
nfs,LINK_rtt,0,52124,0,1323,0,3605056,0,53193,85716,0,0,0,130780,0,741392,0,829392,0,0,15770,0,864,632,1959945199169,0,167,405580
nfs,LINK_execute,0,0,1364,957,2987,0,0,235,556,0,25,0,342072,0,10,84017152,0,17329365,0,107400,0,85716,0,4988626230411,0,0,1350034
nfs,LOOKUP_ops,0,2216,18611,8429568,30573,9154,0,0,0,0,96,570004,108,0,11773,0,12851,19313,0,620,0,528,91,4579183562501,0,0,1
nfs,LOOKUP_ntrans,0,2216,110,245,179,1776,0,10,2,0,16248,6,864,0,85999,0,117092,1745480,0,0,0,0,0,1195157,46369384,0,20283
nfs,LOOKUP_timeouts,0,2280,0,0,0,18837,0,0,413905,0,24876,8452,0,0,482,0,564,12892,0,10,0,2,0,1,2061211603213,0,183861
nfs,LOOKUP_bytes_sent,0,0,1,517,1,0,9154,0,0,0,764,81050,0,0,0,0,0,1531840,0,269228,1069441,504769,0,17664,5244473477305,0,686
nfs,LOOKUP_bytes_recv,0,0,0,716,0,258250,2112,924,5588,0,0,382,0,0,37,0,16508,1531536,0,268864,0,1745504,0,166259,4812860561396,1926,0
nfs,LOOKUP_queue,0,0,0,0,1247,0,18877,0,60195,0,2,0,0,0,0,793949,0,883404,0,405580,16529,1745480,0,654,0,48062406,181
nfs,LOOKUP_rtt,0,0,0,2142,2327,3903,0,9154,253,0,504769,31,0,0,0,10,211550208,0,0,96,113190,12892,0,0,0,2133124689463,3
nfs,LOOKUP_execute,0,0,0,23891,64950272,37590,0,1872,0,0,1745504,0,623980,0,0,12435,0,13639,0,19301118,639,1533848,0,95,0,5429384957804,0
nfs,MKDIR_ops,0,0,0,137,469,218,0,18883,13,0,1745480,0,6,0,10034752,92730,21520,122261,0,0,0,1533544,0,0,1249216,4983614566417,2
nfs,MKDIR_ntrans,0,0,0,0,1708,0,0,38798256,9157,464768,12892,0,9226,0,0,509,0,586,0,0,10,1522500,0,0,1,1663,49872090
nfs,MKDIR_timeouts,0,0,0,7,1184,2,0,3708040,1776,0,1531808,0,86281,0,0,0,88145920,0,0,0,0,1124132,0,19777,18471,541383,2240181166084
nfs,MKDIR_bytes_sent,0,0,0,0,10551296,0,311224,0,18907,6493,1531504,0,390,0,0,39,0,12,0,19281805,0,0,0,0,171370,3729,5694059263269
nfs,MKDIR_bytes_recv,0,0,0,0,290,0,0,0,752,68397,1522500,0,0,0,104019848,0,0,504769,934377,19313,0,17524,0,0,671,0,5223815596611
nfs,MKDIR_queue,0,0,0,0,0,0,4493,3708040,0,278,96,0,33,0,0,0,0,625500,0,3,0,117461,0,0,0,226,133008
nfs,MKDIR_rtt,0,0,0,0,553,0,43988,0,2,0,16240,0,0,674936,0,0,0,625472,14536,0,0,674,0,0,96,3729,133004
nfs,MKDIR_execute,0,615,0,0,762,0,245,0,8388608,14,9208,0,0,6,0,0,101014,16508,130358,2,0,0,0,0,0,1300140,342056
nfs,MKNOD_ops,0,10044,0,0,0,1255,0,0,3,0,518851,0,0,9966,0,0,558,0,611,504769,0,13,0,0,0,1,104
nfs,MKNOD_ntrans,0,169,0,0,7,2356,2,0,0,0,0,0,0,94540,0,0,0,211550208,0,625488,0,0,1177705,0,0,19234,864
nfs,MKNOD_timeouts,0,0,0,0,0,65953792,68349968384,363138,2,0,7117,9205,0,424,0,0,41,0,16,625460,0,0,0,16590912,0,179623,85716
nfs,MKNOD_bytes_sent,0,4,0,0,0,474,59119816704,0,504769,0,73666,1776,0,0,0,0,98381292,22705,0,987278,0,0,18254,0,0,712,548
nfs,MKNOD_bytes_recv,0,0,0,0,0,2048,9230151680,5409,628576,0,297,58831,0,35,0,0,9402530,0,0,0,0,0,123102,0,0,0,0
nfs,MKNOD_queue,0,2,0,0,0,1450,5440458752,51114,628548,0,0,0,9208,0,726842,0,0,92999680,0,15333,0,0,720,0,0,103,2
nfs,MKNOD_rtt,0,504769,0,2512,0,12582912,405946368,280,12892,0,16,0,2016,0,6,0,0,0,0,136630,0,0,0,104019848,0,0,1349380
nfs,MKNOD_execute,0,628592,0,417643,0,345,28672,0,267248,0,136844,569653,58886,0,10904,0,9402530,0,0,635,0,0,13,0,0,0,1
nfs,PATHCONF_ops,0,628564,0,0,0,0,0,3,266584,0,136844,0,0,9205,101630,2,0,0,0,0,0,0,0,1229953,0,3729,20013
nfs,PATHCONF_ntrans,0,12892,0,0,0,598,309568,0,415560,0,342072,7887,0,1824,471,504769,0,0,0,16,0,0,0,0,0,0,184957
nfs,PATHCONF_timeouts,0,268216,9,0,0,822,0,0,0,0,104,82039,0,58840,0,1745508,0,628592,16508,540,1039304,0,0,19213,0,0,730
nfs,PATHCONF_bytes_sent,0,267852,0,0,0,0,1256,0,6086,0,864,339,0,0,44,1745484,0,628564,0,0,0,0,0,129856,0,0,0
nfs,PATHCONF_bytes_recv,0,405580,0,0,0,0,2356,0,57981,0,85716,0,0,0,1728,779335,0,12892,211550208,2,16082,0,0,749,0,0,103
nfs,PATHCONF_queue,0,96,0,0,0,0,65957888,0,306,0,556,17,0,0,58845,6,0,268504,0,504769,143819,0,0,0,0,156578676,96
nfs,PATHCONF_rtt,0,16248,0,0,0,0,474,0,0,0,0,0,623567,0,0,11534,0,268140,23776,1745504,657,0,0,14,0,14964590,848
nfs,PATHCONF_execute,0,24876,0,0,0,0,2354,0,3,0,2,0,0,0,0,108468,0,405580,0,1745480,0,0,0,0,1286598,0,1828
nfs,READ_ops,0,756,0,0,0,0,1662,361501,504769,466448,504769,0,8628,0,0,501,0,96,97386496,12892,17,0,0,0,0,0,64
nfs,READ_ntrans,0,0,0,0,0,323,14336000,0,106104,0,628592,0,87365,0,0,0,9205,16248,0,1004079,0,1091343,0,0,20016,14964590,0
nfs,READ_timeouts,0,2,0,0,204958,89910,405,5294,106104,7043,628564,0,348,0,0,45,1680,24876,0,10,0,0,0,0,132385,0,1
nfs,READ_bytes_sent,0,131072,0,0,0,0,0,52893,0,66103,12892,0,0,0,0,3216,829850,752,0,15919,0,17032,0,0,767,0,504769
nfs,READ_bytes_recv,0,49119,0,0,0,328,640,275,1220,331,269640,0,19,0,0,0,6,9208,0,118919,0,150784,0,0,0,0,106104
nfs,READ_queue,0,0,0,0,0,380,882,0,1220,0,269276,0,478,674510,0,2,12481,1920,0,16508,0,698,0,0,14,0,106104
nfs,READ_rtt,0,480,0,0,0,281,1097583,1256,204,3,405580,0,1852833,0,0,504769,116956,58910,0,0,0,0,0,0,0,1337550,0
nfs,READ_execute,0,10317,0,2265,0,91029,5632592,2356,413854,0,520554,0,0,9318,0,625500,549,3,9205,211550208,0,17,0,0,0,0,1216
nfs,READDIR_ops,0,72,0,0,0,627,0,65957888,0,0,0,0,0,95690,0,625476,0,0,1920,0,1057379,0,1143503,0,0,20865,1216
nfs,READDIR_ntrans,0,0,0,0,0,256996,3118,474,5935,0,7727,0,53,385,0,12892,48,2,58863,24799,10,0,0,0,24424598,140527,204
nfs,READDIR_timeouts,0,0,0,0,0,0,3,2649,59870,0,71288,0,0,0,0,130780,0,883967,0,0,16701,18120,17755,0,19313,818,96
nfs,READDIR_bytes_sent,0,0,99948,0,0,4206,0,1870,300,0,347,0,10253,19,1038,130780,0,6,0,101576704,124778,3127405,157849,0,864,0,848
nfs,READDIR_bytes_recv,0,0,0,0,0,38405,2,16027648,0,0,0,0,0,0,726430,342072,0,13190,0,0,641,0,745,0,85716,15,1828
nfs,READDIR_queue,0,0,1312,0,0,305,504769,510,9,0,4,0,0,0,0,108,0,122098,0,0,0,0,0,0,528,0,1388048
nfs,READDIR_rtt,0,0,18627,0,0,0,628576,0,625496,464763,3,571360,0,0,10168,864,0,569,0,0,51,18133,18,0,0,0,0
nfs,READDIR_execute,0,0,98,2100800,0,0,68719476736,700,625472,0,0,0,0,0,102864,85716,0,0,0,0,58873,1110727,0,1194378,2,0,21720
nfs,READDIRPLUS_ops,0,0,0,0,0,0,309993,986,12892,6827,2,8561,0,0,430,552,0,50,0,342072,16508,10,0,0,504769,0,144517
nfs,READDIRPLUS_ntrans,0,0,1,0,0,0,0,0,1256,68038,504769,79593,9993,0,0,0,0,96,934956,104,0,17688,0,18660,1745504,0,836
nfs,READDIRPLUS_timeouts,0,0,0,153880,0,0,4871,0,2356,327,628576,389,0,0,20,2,0,16248,6,864,211550208,130373,0,166029,1745480,0,0
nfs,READDIRPLUS_bytes_sent,0,0,0,0,0,0,44698,0,65957888,0,0,0,0,0,0,778894,0,24876,14097,85716,0,683,9208,778,12892,0,15
nfs,READDIRPLUS_bytes_recv,0,0,0,2071,0,0,331,0,474,9,0,4,0,0,122,0,0,752,130160,548,25889,0,1872,0,1533848,0,0
nfs,READDIRPLUS_queue,0,0,0,23902,0,0,0,0,2969,0,518819,0,625320,0,2013,10725,0,0,595,0,0,54,58934,19,1533544,0,26313889
nfs,READDIRPLUS_rtt,0,0,0,124,0,0,19,0,2096,0,0,0,0,0,1342,109803,0,2,0,2,106041344,0,1163006,9205,1248464,0,19313
nfs,READDIRPLUS_execute,0,0,0,0,0,0,24215552,361925,17887232,0,7501,0,9354,0,0,458,0,504769,56,504769,0,0,10,1776,0,0,96
nfs,READLINK_ops,0,0,0,7,0,0,182775808,0,541,0,73287,0,84824,0,0,0,0,1745508,0,987907,0,0,18425,58888,19439,0,16248
nfs,READLINK_ntrans,0,0,0,0,204811,0,11763712,5849,0,0,344,0,398,0,122,21,0,1745484,0,6,0,0,137277,2080,171142,0,24876
nfs,READLINK_timeouts,0,0,0,0,0,26327388,0,51727,727,0,0,0,0,0,122,96,829354,12892,0,14877,0,0,729,1530,794,0,756
nfs,READLINK_bytes_sent,0,49267,0,0,2783,2516170,0,365,1017,0,9,0,5,0,0,16248,0,1531808,0,136394,0,16508,0,498264,0,0,0
nfs,READLINK_bytes_recv,0,0,0,0,32221,0,0,0,0,1256,0,569594,0,676260,1098,24876,11576,1531504,0,619,0,0,57,3432,19,9205,2
nfs,READLINK_queue,0,573,0,0,154,0,0,24,4165,2356,0,0,104019848,0,0,752,118449,1522500,0,0,0,211550208,0,1216505,504769,1299389,524288
nfs,READLINK_rtt,0,10021,0,0,0,2516170,0,0,415646,65957888,0,8318,0,10128,0,0,505,100,0,59,0,0,0,10,625488,0,3
nfs,READLINK_execute,0,103,0,0,9,0,0,0,0,474,0,81654,0,93060,2013,2,0,16240,0,0,1039980,26946,0,19400,625460,20177,8886
nfs,REMOVE_ops,0,0,0,0,760,256856,0,0,6595,3270,0,384,0,432,0,1048576,22,24876,0,0,6,0,0,142742,12892,179424,1248
nfs,REMOVE_ntrans,0,20,0,0,0,0,0,0,57209,2307,0,0,0,0,0,3,0,883444,0,0,15604,110370816,0,761,136344,841,58358
nfs,REMOVE_timeouts,0,0,101231,0,2,3609,0,0,399,19615744,0,9,0,10,0,0,0,0,0,0,143552,0,0,0,136344,0,625480
nfs,REMOVE_bytes_sent,0,0,0,0,504769,39309,0,0,0,605,0,0,623520,0,728198,2,0,12257,0,0,626,0,0,59,342056,19,625456
nfs,REMOVE_bytes_recv,0,0,1619,0,628592,188,0,0,29,0,0,0,0,0,0,504769,0,123647,0,0,0,0,0,208,1270807,0,1348630
nfs,REMOVE_queue,0,0,16931,0,628564,0,0,0,0,771,0,0,9093,0,11047,628576,0,525,0,0,78,0,0,0,10,0,0
nfs,REMOVE_rtt,0,0,135,0,12892,9,2,0,2,1079,0,0,86939,0,100158,628548,0,0,0,0,0,1092054,16508,1872,20216,0,20966
nfs,REMOVE_execute,0,856,0,0,268216,0,309773,0,4194304,7570,3632,0,392,0,470,12892,0,23,0,0,0,6,0,0,147586,0,184740
nfs,RENAME_ops,0,148558,57,0,267852,0,0,0,3,65229,4318,0,0,0,0,270288,0,130780,934479,0,0,16514,211550208,0,780,0,862
nfs,RENAME_ntrans,0,49114,0,156492,405580,0,4208,0,0,424,105603072,0,10,85716,10,269952,0,130780,0,0,0,150522,0,3432,0,0,0
nfs,RENAME_timeouts,0,0,0,0,96,0,45758,0,2,0,920,0,0,674431,0,780745,0,342072,13031,0,0,658,27976,0,61,0,20
nfs,RENAME_bytes_sent,0,540,0,2511,16248,0,216,0,504769,32,3894,0,0,0,0,0,0,108,131798,0,0,0,0,0,628592,1321892,528
nfs,RENAME_bytes_recv,0,10261,0,20710,24876,0,0,0,628576,0,3955,0,0,9805,0,11688,0,864,550,0,0,81,114589696,0,628564,10,0
nfs,RENAME_queue,0,78,0,160,756,0,10,0,628548,0,28540928,0,0,95280,0,106925,0,85716,0,0,0,0,0,0,12892,21014,2
nfs,RENAME_rtt,0,0,0,0,0,0,92,0,12892,0,5313,0,0,424,0,501,0,552,24,0,0,0,0,144107808,269228,155631,504769
nfs,RENAME_execute,0,0,0,100,8889560,0,96,0,68719476736,0,0,0,0,0,0,0,0,0,0,987326,0,0,0,13772720,268864,825,1745504
nfs,RMDIR_ops,0,53,99892,0,209950,0,15956,5072,0,0,1343,0,0,11,0,11,0,2,0,0,0,0,0,0,405580,0,1745480
nfs,RMDIR_ntrans,0,0,0,0,0,0,136,52942,0,0,6229,0,0,269640,726345,504769,832495,504769,0,13822,0,0,699,16508,96,64,12892
nfs,RMDIR_timeouts,0,49137,1415,153,3374,0,0,247,0,0,34,3632,0,269276,0,1745504,0,628592,0,138124,0,0,0,0,16248,0,1372545
nfs,RMDIR_bytes_sent,0,0,18564,42589,26313,0,2,0,0,0,0,4318,0,405580,10678,1745480,12725,628564,0,573,0,0,86,211550208,24876,0,10
nfs,RMDIR_bytes_recv,0,509,114,0,195,0,504769,12,0,0,0,105603072,0,96,102454,12892,114084,12892,0,0,0,0,3212,0,752,0,21860
nfs,RMDIR_queue,0,10265,0,157,0,0,628576,0,0,0,8597,920,0,16248,461,1531808,555,268132,0,31,0,0,0,29087,0,0,159471
nfs,RMDIR_rtt,0,82,0,180,128,0,628548,0,0,0,478,4385,0,24876,0,1531504,0,267768,0,0,1039349,0,2,0,2,0,842
nfs,RMDIR_execute,0,0,0,153830,12892,261919,12892,0,0,0,1510083,4245,0,752,11,1522500,12,405580,0,0,0,0,504769,119140352,262144,0,0
nfs,SETATTR_ops,0,0,0,0,132104,0,267900,0,0,0,0,31318016,0,0,0,778807,0,886601,0,0,14468,0,625500,0,3,0,68
nfs,SETATTR_ntrans,0,0,99926,2187,131904,4450,267532,0,0,0,0,5363,0,2,0,0,0,0,0,0,145426,0,625472,0,0,0,0
nfs,SETATTR_timeouts,0,0,0,23825,342056,33172,405564,0,0,0,53,0,625613,8388608,0,11295,0,13449,0,0,591,0,12892,0,2,0,2
nfs,SETATTR_bytes_sent,0,0,1357,140,108,235,12180625,0,12,0,0,1382,3,3,0,109342,0,119217,0,16312,0,0,135340,0,1249135,0,504769
nfs,SETATTR_bytes_recv,0,0,18592,0,864,0,0,0,88662016,0,8597,6279,9988,0,0,490,0,579,0,2829551,32,0,135340,0,16508,0,625488
nfs,SETATTR_queue,0,0,111,0,85716,177,0,0,0,0,0,0,3632,2,0,0,0,0,0,0,0,1091376,342072,0,0,0,625460
nfs,SETATTR_rtt,0,0,0,0,204750,0,316256,0,0,0,0,0,4318,504769,0,11,0,12,0,0,0,0,104,0,211550208,0,12892
nfs,SETATTR_execute,0,0,1,0,0,0,0,0,92,0,0,0,105603072,628576,0,625496,829198,3,937637,16325,0,15331,864,0,0,0,136344
nfs,SYMLINK_ops,0,50533,0,153916,2935,0,5196,0,96,0,0,0,920,628548,0,625472,0,0,0,478,0,152490,85716,0,30071,0,136344
nfs,SYMLINK_ntrans,0,0,0,0,32116,0,38026,0,15956,0,0,0,4759,676628,0,12892,12254,2,14294,2933706,0,626,548,0,0,0,342056
nfs,SYMLINK_timeouts,0,1505,0,2091,175,0,260,0,132,0,8337,0,4434,3,0,136844,117943,504769,127304,0,0,0,0,0,123170816,1300066,108
nfs,SYMLINK_bytes_sent,0,7769,0,23841,0,0,0,0,0,0,519095,0,33280000,10764,0,136844,542,628576,603,0,0,37,2,0,0,6,864
nfs,SYMLINK_bytes_recv,0,101,0,137,0,0,207,0,0,0,1,0,5410,91827,0,342072,0,628548,0,53,0,0,1143573,0,0,19619,85716
nfs,SYMLINK_queue,0,3,0,0,128596,256750,268216,370578,0,0,7185,0,0,527,0,104,12,12892,13,0,0,0,0,0,0,179221,536
nfs,SYMLINK_rtt,0,4,0,1,128596,0,267852,0,0,0,0,0,1426,0,0,864,0,883241,0,990530,0,1600,15958,0,0,799,0
nfs,SYMLINK_execute,0,0,101164,0,204870,3820,405580,6267,0,0,0,0,6324,41,0,85716,0,0,0,0,0,444816,159610,0,2,16508,2
nfs,WRITE_ops,0,0,0,0,0,39192,96,42544,0,0,0,0,0,3632,728546,556,0,12979,0,15110,0,0,674,0,504769,0,504769
nfs,WRITE_ntrans,0,0,2942,0,2833,212,16248,292,0,0,0,0,0,4318,3,0,0,123150,0,133563,0,1629,0,0,1745504,211550208,1349308
nfs,WRITE_timeouts,0,0,15582,0,32108,0,24876,0,0,0,0,569915,102,105603072,11772,2,0,565,0,624,0,1880,38,0,1745480,0,6
nfs,WRITE_bytes_sent,0,0,134,12470868,167,1,756,251,0,0,0,1,102,920,98828,504769,0,0,0,0,0,1384,96,1194450,12892,31073,20409
nfs,WRITE_bytes_recv,0,0,6,1191870,0,0,309658,0,422924,0,0,7947,0,5144,573,628592,0,12,0,14,0,450354,16248,0,1531840,0,184537
nfs,WRITE_queue,0,0,10,0,2,0,0,0,0,0,0,81714,918,4608,0,628564,0,0,934243,0,1042656,3102,24876,16765,1531536,127275008,816
nfs,WRITE_rtt,0,0,0,154917,504769,256881,4444,0,7113,0,0,350,0,35205120,43,12892,0,0,0,0,0,0,752,167886,1522500,0,0
nfs,WRITE_execute,0,0,0,0,185324,0,45624,0,49289,0,0,0,0,5448,0,781090,0,0,13823,0,15843,188,0,704,96,0,97
vfs,dentry_use,0,0,625456,4269,119788,3725,242,0,319,0,0,16,1683,0,0,3,0,0,131274,0,140672,3102,2,0,16240,0,16248
vfs,file_use,0,0,12892,20405,0,39159,0,0,0,0,0,0,623905,1460,0,12429,0,0,588,0,644,2068,2097152,40,24876,0,24876
vfs,inode_use,0,0,133008,161,2288,209,3,0,279,0,0,0,1,6361,0,105574,0,0,0,0,0,0,3,0,1248524,0,16671
cpu,user,0,0,133004,8,2284,0,625488,361565,0,473721,0,0,8654,848,3632,604,0,0,12,0,14,0,0,0,0,0,0
cpu,nice,0,0,342056,11,69884,2,625460,0,0,0,0,0,87002,1828,4318,0,0,0,0,987106,0,1094760,2,0,17501,0,217948160
cpu,system,0,0,104,0,205725,0,309816,5335,0,8194,0,0,359,60,105603072,45,0,0,0,0,0,0,504769,0,173048,0,0
cpu,idle,0,0,864,0,0,0,0,52787,0,57336,0,0,0,0,920,0,831547,0,0,14626,0,16761,628576,0,723,0,32036
cpu,iowait,0,49122,85716,0,5517,0,4321,275,0,342,0,0,16,1,5549,2,3,0,0,137580,0,147605,628548,0,0,0,0
cpu,irq,0,0,548,0,28224,0,45599,0,0,0,0,0,0,674842,4843,8388608,13513,0,0,611,0,682,12892,0,42,0,131219456
cpu,softirq,0,502,0,0,199,0,234,6,0,325,0,0,6753930,1,37474304,3,113962,0,0,0,0,0,268916,0,135340,1299437,0
block,rd_ios,0,10278,2,0,11,0,0,0,413892,0,530405,0,0,9341,5505,1,654,0,0,13,0,14,268252,0,135340,0,0
block,rd_merges,0,83,504769,0,12,0,2,0,0,0,1,0,0,95349,0,0,0,0,0,0,1039159,0,1146995,0,342072,18162,0
block,rd_sectors,0,0,106104,0,628592,257503,536,361741,6011,0,9033,0,0,385,1499,5650982408,50,0,0,0,0,0,0,0,104,181415,0
block,rd_ticks,0,1,106104,0,628564,0,0,0,59750,0,59757,20766723,0,0,6419,29454602444,0,885718,0,0,15324,0,17439,0,864,775,0
block,wr_ios,0,0,99954,0,12892,7048,2,5214,305,0,358,9817,0,17,0,3632,0,3,0,0,144800,0,154636,0,85716,0,0
block,wr_merges,0,0,0,0,269212,34794,504769,52744,0,0,0,68719476736,0,104,726789,4318,0,14247,0,0,631,130251288,729,0,548,43,0
block,wr_sectors,0,0,1339,0,268848,237,625496,269,6,0,360,63473553408,0,864,1,105603072,0,119019,0,0,0,12448420,0,0,0,0,1348668
block,wr_ticks,0,0,18575,0,405580,13,625472,0,0,464723,0,585070,0,85716,10174,920,0,672,0,0,13,0,15,0,2,0,0
block,in_flight,0,0,114,0,96,13,12892,3,6928,0,0,1,0,68349968384,102516,5925,0,0,0,0,0,1091143,504769,1197894,504769,0,18918
block,io_ticks,0,0,0,0,16248,0,310250,0,414155,6970,0,10033,0,59151310848,429,5040,0,52,0,0,0,0,1745508,0,628592,0,186780
block,time_in_queue,0,0,3,0,24876,0,0,0,0,67923,0,63993,0,9198657536,0,39481344,0,0,936800,0,405580,16276,1745484,18359,628564,0,794
intel_hsw_r2pci,TRANSMITS,0,0,64,153858,756,0,8167,0,5842,330,0,402,0,23737284,18,5549,0,0,3,0,96,151819,12892,162781,12892,0,0
intel_hsw_r2pci,DATA_USED,0,0,0,0,0,0,40838,0,59674,0,0,0,0,0,0,0,0,0,15147,0,16248,671,1531808,755,268504,0,44
intel_hsw_r2pci,ADDRESS_USED,0,0,1,2137,2,0,262,0,293,13,0,400,0,0,0,1532,0,0,126994,0,24876,0,1531504,0,268140,0,0
intel_hsw_r2pci,ACKNOWLEDGED_USED,0,1022,504769,23845,65536,0,15,0,0,0,518803,173076480,639030,0,0,6462,0,0,697,0,752,13,1522500,16,405580,0,0
